namespace	guid	source_hash	row	zh_text	en_text	status	allow_new_namespace
/Game/Data/DataTables/Appearance/DT_AppearanceActionBtn	73E94D244D4224C727B15492A1735617	430386037	29	赠送	Send Gift	translated	False
/Game/Data/DataTables/BattleTutorial/DT_BattleTutorial_LongYa	FC6F5C2446DF1E82BEC1C28E816F8FD2	1772522170	302104	"流脉·熔火裂甲
[br]淬焰锻匠和另一上阵共鸣对破甲单位造成伤害时，使暴击率提升。"	"Flow Pulse: Molten Armor-Cracker
[br]When the Flame-Tempered Artisan and another deployed resonance unit deal damage to an armor-broken target, Critical Rate is increased."	translated	False
/Game/Data/DataTables/CharacterMap/DT_CharacterMapConfig_RPVPResonancePick	D7E517094C4D60EA3D81BEBC60A81589	3963772976	1007602	王昭君繁光旧梦	Wang Zhaojun - Old Dreams of Radiant Light	translated	False
/Game/Data/DataTables/CoinEnhancement/DT_EnhancementRewards	77CF57D0497F1E994F51BCB674FCE19D	3438361284	12	咒术典籍+	Spell Tome+	translated	False
/Game/Data/DataTables/CoinEnhancement/DT_EnhancementRewards	7F1DD93A49A5E427E33EC98AEDF1A2BC	433172563	19	咒术典籍++	Spell Tome++	translated	False
/Game/Data/DataTables/CoinEnhancement/DT_EnhancementRewards	CDD7428A4979090CFC69B89FDC93EEC6	3067737569	26	咒术典籍+++	Spell Tome+++	translated	False
/Game/Data/DataTables/CoinEnhancement/DT_EnhancementRewards	3D8230664E68925527C496A55FDC6298	3834025242	28	狩猎宽刃+++	Hunter's Machete+++	translated	False
/Game/Data/DataTables/CoinEnhancement/DT_EnhancementRewards	5148410842AE29BB32AAA88D6533D409	149717709	5	咒术典籍	Spell Tome	translated	False
/Game/Data/DataTables/CoinEnhancement/DT_EnhancementRewards	D38BF7D64E6C270F7C25E880793F59F5	1025035091	55	[共流技] 学识宝石	[Flow Skill] Knowledge Gem	translated	False
/Game/Data/DataTables/CoinEnhancement/DT_EnhancementRewards	D56F6918405DD81A82829EB2B528434A	2063874307	56	[共流技] 极影	[Flow Skill] Shadow Blade	translated	False
/Game/Data/DataTables/CombatGrowth/BuffGrowth/DT_BuffGrowth_Mythic	27E2ABDB41C4AEC2295F61A74999A735	2790399270	1010430101_1	boss狂暴时间缩短<Skill_Number>30%</>	Boss enrage duration reduced by <Skill_Number>30%</>	translated	False
/Game/Data/DataTables/CombatGrowth/BuffGrowth/DT_BuffGrowth_Mythic	4314F63647C6900E0EAC7F8735B99733	2790399270	10104301_1	boss狂暴时间缩短<Skill_Number>30%</>	Boss enrage duration reduced by <Skill_Number>30%</>	translated	False
/Game/Data/DataTables/CombatGrowth/BuffGrowth/DT_BuffGrowth_Mythic	E6B927DD46621D4CA33F8E8462BC8AB3	2418211537	10104330_1	若敌人红光技没有被反制，使用红光技后敌人会立刻恢复<Skill_Number>20%</>架势条	If the enemy's red-glint skill is not countered, the enemy will immediately recover <Skill_Number>20%</> of its Posture Bar after using the skill.	translated	False
/Game/Data/DataTables/CombatGrowth/BuffGrowth/DT_BuffGrowth_Mythic	F497581D427B92DAFCE7339DCBBC533A	538945665	10104331_1	若敌人红光技没有被反制，使用红光技后敌人会立刻恢复<Skill_Number>40%</>架势条	If the enemy's red-glint skill is not countered, the enemy will immediately recover <Skill_Number>40%</> of its Posture Bar after using the skill.	translated	False
/Game/Data/DataTables/CombatGrowth/BuffGrowth/DT_BuffGrowth_WZJ	C45485AB44DB05569F5F03968D00FCCD	3907615703	70516_1	消耗冰晶施放蓄力技能时，会给自己和周围#GenShield_OnLPSkillRelease_RangeA#米内的友方提供护盾，护盾持续#GenShield_OnLPSkillRelease_Time#秒。每消耗<Skill_Number>1</>颗冰晶可获得#GenShield_OnLPSkillRelease_IceBallValueA#攻击力的护盾。	When consuming Ice Crystals to cast a charged skill, you provide a shield to yourself and nearby allies within #GenShield_OnLPSkillRelease_RangeA# meters, lasting for #GenShield_OnLPSkillRelease_Time# seconds. Each <Skill_Number>1</> Ice Crystal consumed grants a shield equal to #GenShield_OnLPSkillRelease_IceBallValueA# of your Attack.	translated	False
/Game/Data/DataTables/CombatGrowth/SkillGrowth/DT_SkillGrowth_LBDS	8670FC6F41ACE40F8396A081BB0B24B9	3093133389	80000_1	闪身攻击/蓄力普攻	Dash Attack / Charged Basic Attack	translated	False
/Game/Data/DataTables/CombatGrowth/SkillGrowth/DT_SkillGrowth_MY	84DFE4664F81E2CB51EA7680BD58107F	2612758709	61100_1	完美闪避反击伤害	Perfect Dodge Counterattack Damage	translated	False
/Game/Data/DataTables/CombatGrowth/SkillGrowth/DT_SkillGrowth_YCZL	4681C76B4EC8F067F1AC9B90FE68845A	899647021	120016_1	激流追击 地面	Torrent Pursuit Ground	translated	False
/Game/Data/DataTables/CombatGrowth/SkillGrowth/DT_SkillGrowth_YCZL	2A411C6B453D7448317F4E93916161AA	1653032576	120017_1	激流追击 空中	Torrent Pursuit Aerial	translated	False
/Game/Data/DataTables/CombatGrowth/SkillGrowth/DT_SkillGrowth_YCZL	0438F7BE457E731CC3A0609EC014D72C	1564501905	120100_1	"施放任意技能后，可再次施放<Skill_HL2 ContentRow=""101201"">追加技</>。命中后，下一次普攻强化为<Skill_HL1>破命击</>。
全流强度可额外提升伤害。"	"After casting any skill, you can cast an <Skill_HL2 ContentRow=""101201"">Additional Skill</>. Upon hitting, your next basic attack is enhanced into a <Skill_HL1>Fate-Breaking Strike</>.
Total Flow Intensity provides additional damage."	translated	False
/Game/Data/DataTables/CombatGrowth/SkillGrowth/DT_SkillGrowth_YCZL	0EDD2C304F3BA08640C75690BD0F780E	3932652880	120100_1	"可用元流之环幻化多种凝武进行战斗。施放任意流技后，可再施放一次<Skill_HL2 ContentRow=""101201"">追加技</>。<Skill_HL2>追加技</>命中后，下一次普攻强化为<Skill_HL1>破命击</>。
每<Skill_Number>10%</>全流强度可额外提升<Skill_Number>6%</>伤害，最高提升<Skill_Number>30%</>。"	"Use the Origin Ring to manifest various weapons for combat. After casting any Flow Skill, you can cast an <Skill_HL2 ContentRow=""101201"">Additional Skill</>. Upon hitting with an <Skill_HL2>Additional Skill</>, your next basic attack is enhanced into a <Skill_HL1>Fate-Breaking Strike</>.
Every <Skill_Number>10%</> Total Flow Intensity increases damage by <Skill_Number>6%</>, up to <Skill_Number>30%</>."	translated	False
/Game/Data/DataTables/CombatGrowth/SkillGrowth/DT_SkillGrowth_YCZL	CD6CD8604F21270FCA0CC2B98547178C	1121957658	120100_1	"可用元流之环幻化多种凝武进行战斗。施放任意流技后，可再施放一次<Skill_HL2 ContentRow=""101201"">追加技</>。<Skill_HL2>追加技</>命中后，下一次普攻强化为<Skill_HL1>破命击</>。
每<Skill_Number>10%</>全流可额外提升<Skill_Number>6%</>伤害，最高提升<Skill_Number>30%</>。
触发技：
普攻和流技命中敌人后，可获得能量。能量充盈时，可发动<Skill_HL1>命流处决</>，幻化不同凝武对敌人进行处决斩击，造成流技伤害。

共流技：
前台共鸣施放绝技后触发共流技，上场时额外发动一次<Skill_HL1>命流处决</>。"	"Use the Origin Ring to manifest various weapons for combat. After casting any Flow Skill, you can cast an <Skill_HL2 ContentRow=""101201"">Additional Skill</>. Upon hitting with an <Skill_HL2>Additional Skill</>, your next basic attack is enhanced into a <Skill_HL1>Fate-Breaking Strike</>.
Every <Skill_Number>10%</> Total Flow increases damage by <Skill_Number>6%</>, up to <Skill_Number>30%</>.
Trigger Skill:
After basic attacks and Flow Skills hit enemies, you gain energy. When energy is full, you can activate <Skill_HL1>Fate Flow Execution</>, manifesting different weapons to perform an execution strike, dealing Flow Skill damage.

Co-Flow Skill:
Triggered when the active character casts an Ultimate. When entering the field, an additional <Skill_HL1>Fate Flow Execution</> is performed."	translated	False
/Game/Data/DataTables/CommonCondition/DT_CommonConditionGroup_Season	B474AC8947219B9868B1129A8469EBAB	1075305487	90000001	完成觉醒任务《最终试炼》	"Complete the awakening quest ""Final Trial"""	translated	False
/Game/Data/DataTables/CommonCondition/DT_CommonCondition_Season	60574AD64DA33BEE5351F09391B0DF02	1075305487	90000001	完成觉醒任务《最终试炼》	"Complete the awakening quest ""Final Trial"""	translated	False
/Game/Data/DataTables/Event/MainQuest/S09/DT_EventGuide_MainQuest_S09M00	644254D844C3C334B055A78C1C107BA0	169583868	S09M00_05	与夫子交谈	Talk to the Master	translated	False
/Game/Data/DataTables/Event/SideQuest/C/DT_EventGuide_SideQuest_CL11_GoHome25	2F02ECA8429DAF1B91242085E14ED1B3	3230546373	CL11_GoHome25_11	前往第一个栏位	Go to the first slot	translated	False
/Game/Data/DataTables/Event/SideQuest/C/DT_EventGuide_SideQuest_CL11_GoHome25	DB32FCEC4C8AEFB8988F2B85F7542535	3230546373	CL11_GoHome25_12	前往第一个栏位	Go to the first slot	translated	False
/Game/Data/DataTables/Event/SideQuest/C/DT_EventGuide_SideQuest_CL11_GoHome25	EBA63A394F760A2D451F3D9A711AD15C	3230546373	CL11_GoHome25_13	前往第一个栏位	Go to the first slot	translated	False
/Game/Data/DataTables/InteractiveActor/Template/Static/DT_StaticIA_Common_Mechanism	6684B12440B634CAC47965B6F337B1B2	4237069569	1071098	屏蔽虚影IATrigger	Hide Phantom IATrigger	translated	False
/Game/Data/DataTables/Item/DT_ItemBlindBox	B4ED91E04108C7274089D987B4F8C3FC	1079093965	31000001	1. 购买萝卜卜盲盒可随机从8款萝卜主题时装中获取1款，1次可购买1盒或6盒。[br]2. 萝卜卜盲盒中的时装包含2款隐藏款与6款基础款。其中萝国王、萝王后为隐藏款，萝半仙儿、萝大盗、萝清新、萝侠客、萝诗书、萝丰收为基础款。[br]3. 购买盲盒后会自动开启，获得基础款或隐藏款时优先获取其中未拥有的款式。购买盲盒获得全部基础款后，继续购买盲盒获得基础款时将会自动转化为20个照运金币·萝卜。购买盲盒获得全部隐藏款后，继续购买盲盒只可获得基础款，无法重复获取隐藏款。[br]4. 累计获取足够数量的照运金币·萝卜后，也可通过消耗照运金币·萝卜兑换隐藏款，若在兑换隐藏款后再次通过购买盲盒获取相同款式，则自动转化为240个照运金币·萝卜。[br]5.照运金币·萝卜在萝卜卜盲盒下架后会被系统回收，请注意盲盒售卖时间并及时兑换奖励。[br]6. 萝卜卜盲盒上架期间，收集任意两款萝卜卜时装，即可领取萝之凝视头饰。	1. Purchase a Radish Blind Box to randomly obtain one of 8 radish-themed outfits. You can purchase 1 or 6 boxes at a time.[br]2. The Radish Blind Box contains 2 hidden outfits and 6 basic outfits. The hidden outfits are Radish King and Radish Queen. The basic outfits are Radish Immortal, Radish Bandit, Radish Fresh, Radish Knight, Radish Poet, and Radish Harvest.[br]3. Blind boxes open automatically upon purchase. When obtaining a basic or hidden outfit, you will prioritize receiving one you do not yet own. Once you have collected all basic outfits, any subsequent basic outfits obtained from blind boxes will be automatically converted into 20 Fortune Coins: Radish. Once you have collected all hidden outfits, you can only obtain basic outfits from further purchases; you cannot obtain duplicate hidden outfits.[br]4. After accumulating enough Fortune Coins: Radish, you can use them to redeem hidden outfits. If you obtain the same outfit from a blind box after redeeming it, it will be automatically converted into 240 Fortune Coins: Radish.[br]5. Fortune Coins: Radish will be reclaimed by the system after the Radish Blind Box event ends. Please note the sale period and redeem your rewards in time.[br]6. During the Radish Blind Box event, collect any two radish outfits to claim the Radish Gaze headpiece.	translated	False
/Game/Data/DataTables/Item/DT_ItemShow	FA623EFA4871C74AECE65185A1140E37	1393161500	30001358	流的特殊交汇光点，最高可引发<Gold_Basic>传说级</>万相附流。	A special convergence point of flows, capable of triggering up to <Gold_Basic>Legendary</> Myriad-Flow Affixing.	translated	False
/Game/Data/DataTables/Item/DT_ItemShow	C505A8C3402823B18D10498EF586D3F7	3304375626	30001359	流的特殊交汇光点，最高可引发<Gold_Basic>传说级赛季限定</>万相附流。	A special convergence point of flows, capable of triggering up to <Gold_Basic>Legendary Seasonal Exclusive</> Myriad-Flow Affixing.	translated	False
/Game/Data/DataTables/Item/DT_ItemSpecial	2784C7D540FB64A437BC3E9ED4C7906A	398994706	110001026	获得千金重弩共鸣的象征。	Obtain the symbol of the Thousand-Gold Heavy Crossbow resonance.	translated	False
/Game/Data/DataTables/Item/DT_ItemSpecial	B6EE83304B2DB85D778CEA94E227D930	2995282544	110001026	千金重弩共鸣的象征	Symbol of the Thousand-Gold Crossbow Resonance	translated	False
/Game/Data/DataTables/Item/DT_MultySelectBox	BD9F3CE94C31C48CE5F0F38D9AEB5499	3451607135	30700117	燃山回响武器皮肤自选箱	Burning Mountain Echo Weapon Skin Selection Chest	translated	False
/Game/Data/DataTables/Item/DT_MultySelectBox	1262901E48B8F06707B50FB90F84DBEB	3805992078	30700118	打开后可自选一个神炼之遗专属武器皮肤。	Open to select one exclusive weapon skin for the Relic of Divine Refining.	translated	False
/Game/Data/DataTables/Item/DT_MultySelectBox	CEB1D17E4A4426FB43529AB51493CA3D	203207676	30700118	神炼之遗武器皮肤自选箱	Divine Relic Weapon Skin Selection Chest	translated	False
/Game/Data/DataTables/ItemSourceTracking/DT_ItemTrackingHandle_Live	70EA1BC74A0864361CE9DCB133DB47E8	39562871	106468	肴馔家购买	Purchased from Gourmet	translated	False
/Game/Data/DataTables/ItemSourceTracking/DT_ItemTrackingHandle_Live	627F83E74AB2536027DB6D823676FA87	39562871	106469	肴馔家购买	Purchased from Gourmet	translated	False
/Game/Data/DataTables/ItemSourceTracking/DT_ItemTrackingHandle_Lottery	600B1331422715078A3EA79D90B18380	3427931174	200135	商城获取	Obtained via Shop	translated	False
/Game/Data/DataTables/ItemSourceTracking/DT_ItemTrackingHandle_Lottery	CCE48B054609F00C638BDB8B225D3F30	3427931174	200136	商城获取	Obtained via Shop	translated	False
/Game/Data/DataTables/Loading/LoadingTips/DT_LoadingTips_Common	4AF9DB5E4604047E4BBD558F235DA39C	2519353538	100050006	灵遇	Spirit Encounter	translated	False
/Game/Data/DataTables/Loading/LoadingTips/DT_LoadingTips_Common	71227D4C4EA6A5ECFCE2C6B1CC145E0D	1552600901	100050006	通过晶珀灵遇获取	Obtained via Crystal Amber Spirit Encounter	translated	False
/Game/Data/DataTables/Loading/LoadingTips/DT_LoadingTips_Common	508D6AED4C5DA400EB0237833ADE506A	2805593028	100050011	前往商城使用璇晶购买	Go to the Shop to purchase with Xuan Crystal	translated	False
/Game/Data/DataTables/Loading/LoadingTips/DT_LoadingTips_Common	EC5F6F7F46265AAEEF478D8C201BBFC3	2329489242	100050011	全新时装	New Outfit	translated	False
/Game/Data/DataTables/Loading/LoadingTips/DT_LoadingTips_Common	1819E0A54FB151C127F5EB9BA3DAEB20	2519353538	100060056	灵遇	Spirit Encounter	translated	False
/Game/Data/DataTables/Loading/LoadingTips/DT_LoadingTips_Common	C7CBBCE549875C44CE1FC58348C8D602	3820216632	100060056	通过璇晶灵遇获取	Obtained via Profound Crystal Spirit Encounter	translated	False
/Game/Data/DataTables/Loading/LoadingTips/DT_LoadingTips_Common	81F8C6164B90166479AD918E64A04A68	2135237026	110001021	前往商城使用晶珀兑换	Go to the Shop to redeem with Crystal Amber	translated	False
/Game/Data/DataTables/Loading/LoadingTips/DT_LoadingTips_Common	FFF2496C4DAFBC998AC628A03770339F	1689576446	110001021	全新共鸣	New Resonance	translated	False
/Game/Data/DataTables/Loading/LoadingTips/DT_LoadingTips_Common	009D85304816C85946A4EF93B422AA25	4231698209	110001026	解锁战令后获取	Obtain after unlocking the Battle Pass	translated	False
/Game/Data/DataTables/Loading/LoadingTips/DT_LoadingTips_Common	0BAA5B934669B445E2398AA76CE2626C	1689576446	110001026	全新共鸣	New Resonance	translated	False
/Game/Data/DataTables/Loading/LoadingTips/DT_LoadingTips_Common	0E340E3E46E533AB26B23385756A443E	4115455646	111026501	战令	Battle Pass	translated	False
/Game/Data/DataTables/Loading/LoadingTips/DT_LoadingTips_Common	C4291A0A49C703C08A7E27BF28DED028	1801425994	111026501	解锁共鸣、幻化等海量奖励	Unlock massive rewards like Resonance and Transfiguration	translated	False
/Game/Data/DataTables/LocalText/DT_LocalizeText_Mall	FC470D9B40B4BC07B566E48F56709DF6	862554868	Mall_BoxPreview	预览	Preview	translated	False
/Game/Data/DataTables/LocalText/DT_LocalizeText_Mall	3608E07543E65A96D459D0AB80E9B773	2060179555	Mall_ClaimTheNextTier	下一档可领取	Claimable at next tier	translated	False
/Game/Data/DataTables/LocalText/DT_LocalizeText_Mall	CE6EA39847856CAEA5A3359826224307	504154855	Mall_CollectProgressItemTxt	{0}款	{0} items	translated	False
/Game/Data/DataTables/LocalText/DT_LocalizeText_Mall	CD01419B4B39BC87962C1B8EEFBAF586	1932984331	Mall_CollectProgressVegetableCar	已收集款式	Styles Collected	translated	False
/Game/Data/DataTables/LocalText/DT_LocalizeText_Mall	4EFEAE3B433E4CFD5CB9228626CA6B93	2522323086	Mall_CurrentlyAvailableToClaim	当前可领取	Currently claimable	translated	False
/Game/Data/DataTables/LocalText/DT_LocalizeText_Mall	658D70734369189311A7EDA32421D8F9	2896452236	Mall_PreviewTitle	有概率获得以下奖励	Chance to obtain the following rewards	translated	False
/Game/Data/DataTables/LocalText/DT_LocalizeText_Mall	2E9CE229484015C4C95BEEB372863B89	1221165290	Mall_RelevancyBox	该商品所属礼包同步上架中，购买礼包更合算哦！	The bundle containing this item is also available! It's more cost-effective to buy the bundle!	translated	False
/Game/Data/DataTables/Mall/MallDisplay/DT_MallDisplayPartRecommendUI	05D368344BAB9704BD19A8BE98386B87	2773830699	20003183	烟花视频配置-灵已急哭	Firework Config - Spirit's Tears	translated	False
/Game/Data/DataTables/Mall/MallDisplay/DT_MallDisplayPartRecommendUI	089AFA484ECC023EA9F913BBA73034B4	2109876377	20003184	烟花视频配置-我红温了	Firework Config - I'm Heated Up	translated	False
/Game/Data/DataTables/Mall/MallDisplay/DT_MallDisplayPartRecommendUI	CDD9B1774CA788DEB35CDEB685816ABE	4159180130	20003185	烟花视频配置-兴汪发财	Firework Config - Prosperity & Wealth	translated	False
/Game/Data/DataTables/Mall/MallDisplay/DT_MallDisplayPartRecommendUI	4ADC3205402B6D65636A868C52E2DD44	888142042	20003188	烟花视频配置-遥夜涟心	Firework Config - Distant Night Ripples	translated	False
/Game/Data/DataTables/Mall/MallDisplay/DT_MallDisplayPartRecommendUI	913C10994525ADE9D6A3F9A5BA71DA44	3425920210	30703057	烟花视频配置-星河入怀礼包	Firework Config - Starry Embrace Pack	translated	False
/Game/Data/DataTables/Mall/MallDisplay/DT_MallDisplayPartRecommendUI	78124AB64E92A2CECDB926BC52F54086	9099219	30703058	烟花视频配置-流华满穹礼包	Firework Config - Flowing Splendor Pack	translated	False
/Game/Data/DataTables/Mall/MallDisplay/DT_MallDisplayPartRecommendUI	19B5649C42B463188087E0807313C841	3195680088	30703059	烟花视频配置-轻盈欢颂礼包	Firework Config - Light Joy Pack	translated	False
/Game/Data/DataTables/Mall/MallDisplay/DT_MallDisplayPartRecommendUI	A37A76BC48ED8AE9FECAA2B5C164E792	3931031070	30703069	推荐页-观星饰品礼包-海报	Recommendation Page - Star-Gazing Accessory Pack - Poster	translated	False
/Game/Data/DataTables/Mall/MallDisplay/DT_MallDisplayPartRecommendUI	E1FD932A401474FBD9F0B8A35F45D640	3120449618	30703070	推荐页-天文家具礼包-海报	Recommendation Page - Astronomy Furniture Pack - Poster	translated	False
/Game/Data/DataTables/Mall/MallDisplay/DT_MallDisplayPartRecommendUI	3566AFBD4E510F436C9C2BB0F2C0A873	1673125947	40318028	家具视频配置-陨彩藏辉 	Furniture Video Config - Hidden Meteor Glow	translated	False
/Game/Data/DataTables/Mall/MallDisplay/DT_MallDisplayPartRecommendUI	EEA4FF194C2018D37A15998B2CF90597	1138442981	40318029	家具视频配置-揽星为仪 	Furniture Video Config - Star-Gathering Instrument	translated	False
/Game/Data/DataTables/Mall/MallDisplay/DT_MallDisplayPartRecommendUI	792CF6C04D46C9D0DC37D795254D4B98	2021934734	40318030	家具视频配置-远星来时 	Furniture Video Config - When Distant Stars Arrive	translated	False
/Game/Data/DataTables/Mall/MallDisplay/DT_MallDisplayPartRecommendUI	0200329547234CBBDF32428D95BF7808	163620449	40318031	家具视频配置-长寂相迎 	Furniture Video Config - Welcoming the Long Silence	translated	False
/Game/Data/DataTables/Mall/MallDisplay/DT_MallDisplayPartRecommendUI	49474E004B137E76780610B7E433344E	1935699715	40318032	家具视频配置-回光之穹 	Furniture Video Config - Dome of Returning Light	translated	False
/Game/Data/DataTables/Map/DT_PublicAreaRegion	1B6422AD4B7FD0F8D3D5F89C64575D45	936165587	110200001	交汇点·撼地狂木	Junction: Handi Wild Tree	translated	False
/Game/Data/DataTables/Map/DT_PublicAreaRegion	FD72F13F435FB20155EA598F79070967	936165587	110200001	交汇点·撼地狂木	Junction: Handi Wild Tree	translated	False
/Game/Data/DataTables/Map/DT_PublicAreaRegion	3E5BBC9C48AC7CD9722D55BA49BBA2EF	615276568	110200002	交汇点·云狌	Junction: Yunxing	translated	False
/Game/Data/DataTables/Map/DT_PublicAreaRegion	DD4CBE18415964C99BAAA88929D3F107	615276568	110200002	交汇点·云狌	Junction: Yunxing	translated	False
/Game/Data/DataTables/Map/DT_PublicAreaRegion	3CB19D92492A95425ED5B4A09BBC01EB	1366712175	110200003	交汇点·毕方	Junction: Bi Fang	translated	False
/Game/Data/DataTables/Map/DT_PublicAreaRegion	5667843840184FD513288CBABBBE4C19	1366712175	110200003	交汇点·毕方	Junction: Bi Fang	translated	False
/Game/Data/DataTables/Map/DT_PublicAreaRegion	0CA158FE4961A5E8DE49A18BE91B7CE7	3315403492	110200004	交汇点·朔春芽	Junction: Shuochun Bud	translated	False
/Game/Data/DataTables/Map/DT_PublicAreaRegion	7ECA64934433410F4B0EA390F611E40A	3315403492	110200004	交汇点·朔春芽	Junction: Shuochun Bud	translated	False
/Game/Data/DataTables/Map/DT_PublicAreaRegion	02925EB849488162BF86F6B02CE76BA4	2085047876	110200005	交汇点·蔚蓝神兽	Junction: Azure Divine Beast	translated	False
/Game/Data/DataTables/Map/DT_PublicAreaRegion	6E69329A4D9FCA9BF6BE938457C6608B	2085047876	110200005	交汇点·蔚蓝神兽	Junction: Azure Divine Beast	translated	False
/Game/Data/DataTables/Map/DT_PublicAreaRegion	0ED7B6544A012A7ABAB4EF9702D8D593	4077150429	110200006	交汇点·猩红神兽	Junction: Scarlet Divine Beast	translated	False
/Game/Data/DataTables/Map/DT_PublicAreaRegion	A5BE7F0B41F0E95F3CEFF696D7E37D2B	4077150429	110200006	交汇点·猩红神兽	Junction: Scarlet Divine Beast	translated	False
/Game/Data/DataTables/Map/DT_PublicAreaRegion	7FE665834FD818DEB9F51CA5A626C861	3638863096	110200007	交汇点·秋水	Junction: Qiushui	translated	False
/Game/Data/DataTables/Map/DT_PublicAreaRegion	FA581D0A49A83B17CEFFBC86CE72DF7B	3638863096	110200007	交汇点·秋水	Junction: Qiushui	translated	False
/Game/Data/DataTables/Map/DT_PublicAreaRegion	0F9A9ECE47747BAE82E72C8CB4730F77	740906928	110200008	交汇点·黑耀	Junction: Heiyao	translated	False
/Game/Data/DataTables/Map/DT_PublicAreaRegion	F9F8224A4A529933D6FB5D8B6B0EF5CE	740906928	110200008	交汇点·黑耀	Junction: Heiyao	translated	False
/Game/Data/DataTables/Map/DT_PublicAreaRegion	B3B117C74986B4D669AC09908B14D73C	2887826395	110200009	交汇点·帝辛	Junction: Di Xin	translated	False
/Game/Data/DataTables/Map/DT_PublicAreaRegion	BBCAE2B64D45714823A427924D5DAB33	2887826395	110200009	交汇点·帝辛	Junction: Di Xin	translated	False
/Game/Data/DataTables/Map/DT_PublicAreaRegion	6D4E94A24FBBBE23F88FD798DE2EE5F9	2218897269	110200101	交汇点·汉雷鸣角	Junction: Han Leiming Horn	translated	False
/Game/Data/DataTables/Map/DT_PublicAreaRegion	EF670D5A4EB6F04E1AED0CBE89E86F3D	2218897269	110200101	交汇点·汉雷鸣角	Junction: Han Leiming Horn	translated	False
/Game/Data/DataTables/Map/DT_PublicAreaRegion	0E4C12634E2F99C61583B49A7847CD2F	2828996624	110200102	交汇点·燎原巨蜥	Junction: Liaoyuan Giant Lizard	translated	False
/Game/Data/DataTables/Map/DT_PublicAreaRegion	DF77ACD9483578C8BAEACFA9ABD2A5D8	2828996624	110200102	交汇点·燎原巨蜥	Junction: Liaoyuan Giant Lizard	translated	False
/Game/Data/DataTables/Map/DT_PublicAreaRegion	6448718941B08963E3E68F83846A63BD	2052547656	110200103	交汇点·玄冰坠天盾	Junction: Xuanbing Falling Sky Shield	translated	False
/Game/Data/DataTables/Map/DT_PublicAreaRegion	87B8A6E64D86C1A50BE43EB02E90F82A	2052547656	110200103	交汇点·玄冰坠天盾	Junction: Xuanbing Falling Sky Shield	translated	False
/Game/Data/DataTables/Map/DT_PublicAreaRegion	2792E04E4C700B71CBDC36BA1A18DC51	1538496372	110200104	交汇点·蛮虎	Junction: Manhu	translated	False
/Game/Data/DataTables/Map/DT_PublicAreaRegion	D224F5AD4EF3CBBB92E3BCADB18AD7BF	1538496372	110200104	交汇点·蛮虎	Junction: Manhu	translated	False
/Game/Data/DataTables/Map/DT_PublicAreaRegion	25F4E5DA40F9FA559F96D1A0F53B7BEC	2321931995	110200105	交汇点·戾天	Junction: Litian	translated	False
/Game/Data/DataTables/Map/DT_PublicAreaRegion	3C075BE642D3725FEE86D1A439E65BF7	2321931995	110200105	交汇点·戾天	Junction: Litian	translated	False
/Game/Data/DataTables/Map/DT_PublicAreaRegion	5F4743674246FF0EF39E919850637D65	3793974471	110200106	交汇点·幽寂狂木	Junction: Youji Wild Tree	translated	False
/Game/Data/DataTables/Map/DT_PublicAreaRegion	93C5862441C4E1108757079CBED8EDDA	3793974471	110200106	交汇点·幽寂狂木	Junction: Youji Wild Tree	translated	False
/Game/Data/DataTables/Map/DT_PublicAreaRegion	4515DD5A471A326E7F0C5186898384A2	3364704353	110200107	交汇点·傲火隼	Junction: Aohuo Falcon	translated	False
/Game/Data/DataTables/Map/DT_PublicAreaRegion	FCA164844C38DDF928F0AAA72236E2C5	3364704353	110200107	交汇点·傲火隼	Junction: Aohuo Falcon	translated	False
/Game/Data/DataTables/Map/DT_PublicAreaRegion	1200F3D143A42D6B86B39E847E46BB1F	3284940579	110200108	交汇点·神纹灼绒	Junction: Shenwen Zhuorong	translated	False
/Game/Data/DataTables/Map/DT_PublicAreaRegion	253173034314BF5308475DA10F31F430	3284940579	110200108	交汇点·神纹灼绒	Junction: Shenwen Zhuorong	translated	False
/Game/Data/DataTables/Map/DT_PublicAreaRegion	79FEEAF64DC0167E49F188A41DAF8873	2396151291	110200109	交汇点·风舞牙猊	Junction: Fengwu Yani	translated	False
/Game/Data/DataTables/Map/DT_PublicAreaRegion	E99AC0F24F3BA3C2B4ED2B8A4B4486EB	2396151291	110200109	交汇点·风舞牙猊	Junction: Fengwu Yani	translated	False
/Game/Data/DataTables/Map/DT_PublicAreaRegion	19B54FFF48FED249A0E2739BAF59847A	3746463401	110200110	交汇点·丰华硕木	Junction: Fenghua Ancient Tree	translated	False
/Game/Data/DataTables/Map/DT_PublicAreaRegion	1C27352A4A53035628739DAA759AB77D	3746463401	110200110	交汇点·丰华硕木	Junction: Fenghua Ancient Tree	translated	False
/Game/Data/DataTables/Map/DT_PublicAreaRegion	E1DB1C8348C5FEA770371FBA2E3BACA5	1151640247	110200111	交汇点·芒鬓巨熊	Junction: Mangbin Giant Bear	translated	False
/Game/Data/DataTables/Map/DT_PublicAreaRegion	F55B973D4C2A9C48E059FD8CB15F1244	1151640247	110200111	交汇点·芒鬓巨熊	Junction: Mangbin Giant Bear	translated	False
/Game/Data/DataTables/Map/DT_PublicAreaRegion	463ACF0B478A7C1F0E7CEBB1771A7F9C	845683703	110700804	交汇点·声动万象	Junction: Sound of All Things	translated	False
/Game/Data/DataTables/Map/DT_PublicAreaRegion	A04EC2C74DC07870C3079797232F12F2	160197822	110700804	弃用	Discard	translated	False
/Game/Data/DataTables/Map/DT_PublicAreaRegion	C83DC0B8481D71B7E0000598523B9B2F	845683703	110700804	交汇点·声动万象	Junction: Sound of All Things	translated	False
/Game/Data/DataTables/Map/DT_PublicAreaRegion	36BE5D634B250666DF10C297D0510AC9	1934467662	110700808	交汇点·口袋牌室	Junction: Pocket Card Room	translated	False
/Game/Data/DataTables/Map/DT_PublicAreaRegion	A914CBCF44D0A898531D3BA7A0F8856C	1934467662	110700808	交汇点·口袋牌室	Junction: Pocket Card Room	translated	False
/Game/Data/DataTables/Map/DT_PublicAreaRegion	894516B4409E03149BFF85ADADC635F0	1322248276	110800111	交汇点·百鸣港	Junction: Baiming Port	translated	False
/Game/Data/DataTables/Map/DT_PublicAreaRegion	D2A0E977456BC953C8526286F3E0EC68	1322248276	110800111	交汇点·百鸣港	Junction: Baiming Port	translated	False
/Game/Data/DataTables/Map/DT_PublicAreaRegion	A778467F44998905F904FC8DFBBC5C0E	3053362417	110800112	交汇点·鹤鸣馆	Junction: Heming Hall	translated	False
/Game/Data/DataTables/Map/DT_PublicAreaRegion	BE6C95BA499F85AC9107B2931D170B68	3053362417	110800112	交汇点·鹤鸣馆	Junction: Heming Hall	translated	False
/Game/Data/DataTables/Map/DT_PublicAreaRegion	B5875FC047E438155C3626BBDCBE084C	1031872773	110800132	交汇点·隐逸村	Junction: Hidden Village	translated	False
/Game/Data/DataTables/Map/DT_PublicAreaRegion	CADC8663468759E713A8BBBDEA398AA5	1031872773	110800132	交汇点·隐逸村	Junction: Hidden Village	translated	False
/Game/Data/DataTables/Map/DT_PublicAreaRegion	0D6BB70E4424B93FBA0CA9ACE5A34B56	4174021859	110800133	交汇点·云深营地	Junction: Yunshen Camp	translated	False
/Game/Data/DataTables/Map/DT_PublicAreaRegion	B9974CD04D175E38510D5FBE89B24818	4174021859	110800133	交汇点·云深营地	Junction: Yunshen Camp	translated	False
/Game/Data/DataTables/Map/DT_PublicAreaRegion	113F9848416BD2FC8E17D3844BC3415B	1202050561	110800141	交汇点·赤隼馆	Junction: Chijun Hall	translated	False
/Game/Data/DataTables/Map/DT_PublicAreaRegion	F18C92B844418517FE2EBDB798EDF2CB	1202050561	110800141	交汇点·赤隼馆	Junction: Chijun Hall	translated	False
/Game/Data/DataTables/Map/DT_PublicAreaRegion	136B63464AAC52179F4803B1E50A2F2B	3577923290	110800161	交汇点·墨焰阁	Junction: Moyan Pavilion	translated	False
/Game/Data/DataTables/Map/DT_PublicAreaRegion	FA4C7E0748B363E3473E479A004D6B2D	3577923290	110800161	交汇点·墨焰阁	Junction: Moyan Pavilion	translated	False
/Game/Data/DataTables/Map/DT_PublicAreaRegion	609A41684560E49B71C29381BB94E3EF	1741517596	110800191	交汇点·虎啸堂	Junction: Huxiao Hall	translated	False
/Game/Data/DataTables/Map/DT_PublicAreaRegion	857445564C3AE225F07A698EA888B47C	1741517596	110800191	交汇点·虎啸堂	Junction: Huxiao Hall	translated	False
/Game/Data/DataTables/Map/DT_PublicAreaRegion	0EE5D9324B6785D87954A9BDBED75764	4253839757	110800201	交汇点·潭影营地	Junction: Tanying Camp	translated	False
/Game/Data/DataTables/Map/DT_PublicAreaRegion	19BD47464869884B52F3239467E64CFF	4253839757	110800201	交汇点·潭影营地	Junction: Tanying Camp	translated	False
/Game/Data/DataTables/Map/DT_PublicAreaRegion	0CF2F80746ADEDFB5FD13DBF208ED3B6	4066869787	110800202	交汇点·观星台	Junction: Star-Gazing Platform	translated	False
/Game/Data/DataTables/Map/DT_PublicAreaRegion	3135403F4BF2DB449DA743905786D34A	4066869787	110800202	交汇点·观星台	Junction: Star-Gazing Platform	translated	False
/Game/Data/DataTables/Map/DT_PublicAreaRegion	889D3F4B4385D0B40836EF87789E05F1	392721492	110800211	交汇点·攀云塔	Junction: Pan Yun Tower	translated	False
/Game/Data/DataTables/Map/DT_PublicAreaRegion	8F624E364D803CF1217697B13C6B9A69	392721492	110800211	交汇点·攀云塔	Junction: Pan Yun Tower	translated	False
/Game/Data/DataTables/Map/DT_PublicAreaRegion	382D645C410B43D246639A81772293BC	4291902348	110800212	交汇点·百草园	Junction: Hundred Herb Garden	translated	False
/Game/Data/DataTables/Map/DT_PublicAreaRegion	48334DA543ADC9E640B386A521947496	4291902348	110800212	交汇点·百草园	Junction: Hundred Herb Garden	translated	False
/Game/Data/DataTables/Map/DT_PublicAreaRegion	1ABAA2F44B1BCB4FB787D0AED0AE7D30	3934250700	110800213	交汇点·丰云野	Junction: Fengyun Wilds	translated	False
/Game/Data/DataTables/Map/DT_PublicAreaRegion	F532E4E44A928394DF4D3491EFC9D555	3934250700	110800213	交汇点·丰云野	Junction: Fengyun Wilds	translated	False
/Game/Data/DataTables/Map/DT_PublicAreaRegion	9AFC030248EBD3A9560CA1B783E87332	4163695601	110800262	交汇点·荣耀塔	Junction: Glory Tower	translated	False
/Game/Data/DataTables/Map/DT_PublicAreaRegion	E5955760461EA27BAF308B93E08F2FBA	4163695601	110800262	交汇点·荣耀塔	Junction: Glory Tower	translated	False
/Game/Data/DataTables/NPC/DT_NPCMetaData_Eastworld_C	76B77A284BA011C780AD3FA2F74FDCE6	1792339877	10012063	莫千帆	Mo Qianfan	translated	False
/Game/Data/DataTables/NPC/DT_NPCMetaData_Eastworld_C	A78284664A3A4636D7D05C9B41D7C2C1	1011118067	10012064	安向远	An Xiangyuan	translated	False
/Game/Data/DataTables/NPC/DT_NPCMetaData_Eastworld_C	416B933D4D2D05B7718FCEADED81B1E2	2722598622	10012065	宋北辰	Song Beichen	translated	False
/Game/Data/DataTables/NPC/DT_NPCMetaData_Eastworld_C	012C0DA942C6169758DD568B632C8DA0	579477711	10012066	郭羽	Guo Yu	translated	False
/Game/Data/DataTables/NPC/DT_NPCMetaData_Eastworld_C	9392767F448630408FEA319C1422E85C	1271477637	10012067	林守安	Lin Shou'an	translated	False
/Game/Data/DataTables/NPC/DT_NPCMetaData_Eastworld_C	EEF0461B44710C54FB0F51A542D49161	1683646924	10012068	王文也	Wang Wenye	translated	False
/Game/Data/DataTables/NPC/DT_NPCMetaData_Eastworld_C	DD0D29A64D0570053FD84C808D0635C4	223208283	10012069	秋李	Qiuli	translated	False
/Game/Data/DataTables/NPC/DT_NPCMetaData_Eastworld_C	1117DD5243CDF62BE5C63F999927CE77	2807779853	10012070	琴萧	Qin Xiao	translated	False
/Game/Data/DataTables/NPC/DT_NPCMetaData_Eastworld_C	943F7BA14731543F248F61935EA6D651	1033657454	10012071	飞洋	Feiyang	translated	False
/Game/Data/DataTables/NPC/DT_NPCMetaData_Eastworld_C	A407502E4C27739C5ECA30975A1C138E	3639508752	10012072	徐平清	Xu Pingqing	translated	False
/Game/Data/DataTables/NPC/DT_NPCMetaData_Eastworld_C	C1FDAB0547EA0ACA322E648F32C0DF9D	2811326532	10012073	泽舟	Zezhou	translated	False
/Game/Data/DataTables/NPC/DT_NPCMetaData_Eastworld_C	252ED0A644DD0E8966A31D8277B13034	1158341910	10012074	雯青灵	Wen Qingling	translated	False
/Game/Data/DataTables/NPC/DT_NPCMetaData_Eastworld_C	1672676B45C6D21E2506EB9EABD177B4	4233420783	10012075	风岳玲	Feng Yueling	translated	False
/Game/Data/DataTables/NPC/DT_NPCMetaData_Eastworld_C	895E1E1F40EB9200E12556BB9E7C6518	2640660977	10012076	杜庚	Du Geng	translated	False
/Game/Data/DataTables/NPC/DT_NPCMetaData_Eastworld_C	A2F1EEF3461EA0E4AE36B7822A3E08B8	2033551344	10012077	晴英	Qingying	translated	False
/Game/Data/DataTables/NPC/DT_NPCMetaData_Eastworld_C	E5595F5F4CFB6F8300F31EA0D142F673	2498097878	10012078	安重礼	An Zhongli	translated	False
/Game/Data/DataTables/NPCTable/DT_NPC_Civilian_Eastworld_C	76B77A284BA011C780AD3FA2F74FDCE6	1792339877	40121457	莫千帆	Mo Qianfan	translated	False
/Game/Data/DataTables/NPCTable/DT_NPC_Civilian_Eastworld_C	A78284664A3A4636D7D05C9B41D7C2C1	1011118067	40121458	安向远	An Xiangyuan	translated	False
/Game/Data/DataTables/NPCTable/DT_NPC_Civilian_Eastworld_C	416B933D4D2D05B7718FCEADED81B1E2	2722598622	40121459	宋北辰	Song Beichen	translated	False
/Game/Data/DataTables/NPCTable/DT_NPC_Civilian_Eastworld_C	012C0DA942C6169758DD568B632C8DA0	579477711	40121460	郭羽	Guo Yu	translated	False
/Game/Data/DataTables/NPCTable/DT_NPC_Civilian_Eastworld_C	9392767F448630408FEA319C1422E85C	1271477637	40121461	林守安	Lin Shou'an	translated	False
/Game/Data/DataTables/NPCTable/DT_NPC_Civilian_Eastworld_C	EEF0461B44710C54FB0F51A542D49161	1683646924	40121462	王文也	Wang Wenye	translated	False
/Game/Data/DataTables/NPCTable/DT_NPC_Civilian_Eastworld_C	DD0D29A64D0570053FD84C808D0635C4	223208283	40121463	秋李	Qiuli	translated	False
/Game/Data/DataTables/NPCTable/DT_NPC_Civilian_Eastworld_C	1117DD5243CDF62BE5C63F999927CE77	2807779853	40121464	琴萧	Qin Xiao	translated	False
/Game/Data/DataTables/NPCTable/DT_NPC_Civilian_Eastworld_C	943F7BA14731543F248F61935EA6D651	1033657454	40121465	飞洋	Feiyang	translated	False
/Game/Data/DataTables/NPCTable/DT_NPC_Civilian_Eastworld_C	A407502E4C27739C5ECA30975A1C138E	3639508752	40121466	徐平清	Xu Pingqing	translated	False
/Game/Data/DataTables/NPCTable/DT_NPC_Civilian_Eastworld_C	C1FDAB0547EA0ACA322E648F32C0DF9D	2811326532	40121467	泽舟	Zezhou	translated	False
/Game/Data/DataTables/NPCTable/DT_NPC_Civilian_Eastworld_C	252ED0A644DD0E8966A31D8277B13034	1158341910	40121468	雯青灵	Wen Qingling	translated	False
/Game/Data/DataTables/NPCTable/DT_NPC_Civilian_Eastworld_C	1672676B45C6D21E2506EB9EABD177B4	4233420783	40121469	风岳玲	Feng Yueling	translated	False
/Game/Data/DataTables/NPCTable/DT_NPC_Civilian_Eastworld_C	A2F1EEF3461EA0E4AE36B7822A3E08B8	2033551344	40121470	晴英	Qingying	translated	False
/Game/Data/DataTables/NPCTable/DT_NPC_Civilian_Eastworld_C	895E1E1F40EB9200E12556BB9E7C6518	2640660977	40121471	杜庚	Du Geng	translated	False
/Game/Data/DataTables/NPCTable/DT_NPC_Civilian_Eastworld_C	E5595F5F4CFB6F8300F31EA0D142F673	2498097878	40121472	安重礼	An Zhongli	translated	False
/Game/Data/DataTables/Network/DT_NetMessageErrorDefine	F46F8A8F4048997565997CAD5DFA79BA	2865636061	12600	数据异常，无法操作	Data error, operation failed	translated	False
/Game/Data/DataTables/Network/DT_NetMessageErrorDefine	E7A4B5264F3F353F39B47FA1936FEE4A	3636313312	12616	外观方案未解锁	Appearance scheme not unlocked	translated	False
/Game/Data/DataTables/Network/DT_NetMessageErrorDefine	5C3FF59048502124D04B3E85B237B18B	4052718212	16447	好友已关闭入画功能，请刷新后重试	The friend has disabled the painting feature. Please refresh and try again.	translated	False
/Game/Data/DataTables/Network/DT_NetMessageErrorDefine	41BA8E054686D302C8E818A1ABE71815	126330731	16448	亲密度不足，无法默契入画，请刷新后重试	Insufficient intimacy to enter the painting. Please refresh and try again.	translated	False
/Game/Data/DataTables/Network/DT_NetMessageErrorDefine	C01DA3E849783105D647ADBEFF03C4C3	3107027798	16449	对方已有入画权限，请刷新后重试	The other party already has painting permissions. Please refresh and try again.	translated	False
/Game/Data/DataTables/Network/DT_NetMessageErrorDefine	A0D827F641ADE63126B3B493099B23D6	3486151037	16450	入画申请已过期或不存在，请刷新后重试	The painting application has expired or does not exist. Please refresh and try again.	translated	False
/Game/Data/DataTables/Network/DT_NetMessageErrorDefine	F85DCEEE40D130364C0C6A80D5B8CC8E	2421696318	16451	默契入画不可取消	Cannot cancel synchronized painting	translated	False
/Game/Data/DataTables/Network/DT_NetMessageErrorDefine	9A9621D74B964E2EBEB13384068BE104	2877350279	16452	无邀请入画权限，请刷新后重试	No permission to invite to enter the painting. Please refresh and try again.	translated	False
/Game/Data/DataTables/Network/DT_NetMessageErrorDefine	D646E52142F32B69C7281CA8FD1EA241	834357230	16453	暂无入画权限，无法入画	No permission to enter the painting, unable to enter.	translated	False
/Game/Data/DataTables/Plateau/PlateauBuff/DT_MySteriousLandBuff	A285419E4CF82CC4253F3CB3AFB0946B	4271906759	10104300	首领狂暴时间-15%。	Boss Enrage Time -15%.	translated	False
/Game/Data/DataTables/Plateau/PlateauBuff/DT_MySteriousLandBuff	52BFEC3C4F27DD8C59A1CEA16C939255	3785575860	10104301	首领狂暴时间-30%。	Boss Enrage Time -30%.	translated	False
/Game/Data/DataTables/Plateau/PlateauBuff/DT_MySteriousLandBuff	49FB8098442165EE51F876815B3A8CD0	2006171609	10104330	若怪物红光技没有被反制，使用红光技后怪物会立刻恢复20%架势条。	If the monster's red-glint skill is not countered, the monster will immediately recover 20% of its Posture Bar after using the skill.	translated	False
/Game/Data/DataTables/Plateau/PlateauBuff/DT_MySteriousLandBuff	97B8CAF24152A43549ED918D57ADC826	1915728279	10104331	若怪物红光技没有被反制，使用红光技后怪物会立刻恢复40%架势条。	If the monster's red-glint skill is not countered, the monster will immediately recover 40% of its Posture Bar after using the skill.	translated	False
/Game/Data/DataTables/Plateau/PlateauDifficulty/DT_PlateauDungeon_Difficulty	C00CB4594009701E8769AE822158AE8A	700678614	12008	至高	Supreme	translated	False
/Game/Data/DataTables/PlayerReturn/DT_PlayerReturnContent	AAC6553F4C36682B46C19E944A9DBE5F	3189219896	2001	归虚梦演最终战({0}/{1})	Final Battle of the Dream of Returning to Nothingness ({0}/{1})	translated	False
/Game/Data/DataTables/SeasonSystem/DT_SeasonSystemDetailPageInfo	3DAE99E742DD7AEB72D86C981465191C	766082869	10101	梦演	Dream Performance	translated	False
/Game/Data/DataTables/SeasonSystem/DT_SeasonSystemDetailPageInfo	47B02F4A47344570674009A81728BA4E	377350159	10103	新玩法	New Gameplay	translated	False
/Game/Data/DataTables/SeasonSystem/DT_SeasonSystemDetailPageInfo	F11648CF427B31D886C54E96EC2AB6E1	3643699471	10103	绝境	Desperation	translated	False
/Game/Data/DataTables/SeasonSystem/DT_SeasonSystemDetailPageInfo	52A9217E440582CC1C8C54963B932604	702218447	10105	"荣耀装等开放138~240级・
新增万相附流词条效果・
新增附流启明，可添加稀世级万相附流・"	"Honor Gear Level cap increased to 138-240・
Added new Myriad-Flow Affix effects・
Added Flow-Affix Enlightenment, allowing the addition of Rare-tier Myriad-Flow Affixes・"	translated	False
/Game/Data/DataTables/SeasonSystem/DT_SeasonSystemHomePageInfo	363A06BD4C560C112E6D83A37EC2464B	3656619113	12	"燃山回响：天柱墟深处是何物作祟？
梦行奇谭：行至梦隙边缘，止步回望，全新层数现已开放。
更有鲲梦决·堕梦等全新挑战同步上线。"	"Burning Mountain Echo: What is causing havoc deep within the Heavenly Pillar Ruins?
Dreamwalk Chronicles: Reach the edge of the dream rift, pause, and look back. New floors are now open.
Even more challenges like Kun Dream Duel: Fallen Dream are now available."	translated	False
/Game/Data/DataTables/SeasonSystem/DT_SeasonSystemHomePageInfo	45C9B4C440C7383C60E078B7837BAC1E	2455959898	12	鲲梦决·堕梦	Kun Dream Duel: Fallen Dream	translated	False
/Game/Data/DataTables/SeasonSystem/DT_SeasonSystemHomePageInfo	B16056344BA9FC5D0C587183B0187A76	2858079307	12	梦行奇谭 4~12层	Dreamwalk Chronicles Floors 4-12	translated	False
/Game/Data/DataTables/SeasonSystem/DT_SeasonSystemHomePageInfo	88871DFD4BCBBB58FDF36C986F92756D	3643699471	3	绝境	Desperation	translated	False
/Game/Data/DataTables/SeasonSystem/DT_SeasonSystemHomePageInfo	421F5804490423CBD8FA45B7B330A36E	2858079307	6	梦行奇谭 4~12层	Dreamwalk Chronicles Floors 4-12	translated	False
/Game/Data/DataTables/SeasonSystem/DT_SeasonSystemHomePageInfo	A63921924D624DD96C59CDB4AFDB6662	2455959898	6	鲲梦决·堕梦	Kun Dream Duel: Fallen Dream	translated	False
/Game/Data/DataTables/SeasonSystem/DT_SeasonSystemHomePageInfo	E6FD57274875A03FC47547BD149CC3CE	3656619113	6	"燃山回响：天柱墟深处是何物作祟？
梦行奇谭：行至梦隙边缘，止步回望，全新层数现已开放。
更有鲲梦决·堕梦等全新挑战同步上线。"	"Burning Mountain Echo: What is causing havoc deep within the Heavenly Pillar Ruins?
Dreamwalk Chronicles: Reach the edge of the dream rift, pause, and look back. New floors are now open.
Even more challenges like Kun Dream Duel: Fallen Dream are now available."	translated	False
/Game/Data/DataTables/SeasonSystem/DT_SeasonSystemHomePageInfo	28F8987242830379BEBBA99DF4349926	3643699471	9	绝境	Desperation	translated	False
/Game/Data/DataTables/SendGift/DT_SendGiftTable	D8881AD74B3DE413988DB7BB346CCA65	953599828	1	燃放烟花{0}×{1}	Launch Firework {0}×{1}	translated	False
/Game/Data/DataTables/SendGift/DT_SendGiftTable	9812F6E541BAB08A3C97C38F12552B2E	953599828	2	燃放烟花{0}×{1}	Launch Firework {0}×{1}	translated	False
/Game/Data/DataTables/Setting/1Windows/DT_SettingItem_Windows	14509A2D4E2A5E604D7E9B88F86D567B	496126183	FrameGenerationMethod	关闭	Close	translated	False
/Game/Data/DataTables/Setting/1Windows/DT_SettingItem_Windows	53DA2B564EF9907C9D421BB97309C471	3199519922	FrameGenerationMethod	自动	Auto	translated	False
/Game/Data/DataTables/Social/DT_SocialItemConfig	8EE2FD7E4449C73C9AEC608132C0C2DF	3899821047	10035	星河入怀	Embracing the Galaxy	translated	False
/Game/Data/DataTables/Summoner/DT_NewSummonerSkill	3793C5F1499196F1AA087DA142A23F33	3194694095	6	"被动效果：更容易吸引敌人仇恨；
精准御敌(闪避、格挡、化解)后，引动战场之流激荡扩散，自身破势效率提升20%。"	"Passive Effect: More likely to attract enemy aggro;
After a Precision Defense (Dodge, Block, Deflect), trigger a surge of battlefield flow, increasing your own Break Power efficiency by 20%."	translated	False
/Game/Data/DataTables/SystemUnlock/DT_SystemUnlock	237C3B2E4FD7B5BFCFEA6C8C78241AF4	3643699471	1129	绝境	Desperation	translated	False
/Game/Data/ExportDialogues/BigWorldEl01/BigWorldEl01_FWZB/MengLeiChuXingQu/DT_DialogueInfo_BigWorldEl01_FWZB_MengLeiChuXingQu	BigWorldEl01_FWZB_MengLeiChuXingQu_01_GuiHaiLi_DialogueText	1332532944	BigWorldEl01_FWZB_MengLeiChuXingQu_01_GuiHaiLi	帅气难抵挡！	Too cool to resist!	translated	False
/Game/Data/ExportDialogues/BigWorldEl01/BigWorldEl01_FWZB/MengLeiChuXingQu/DT_DialogueInfo_BigWorldEl01_FWZB_MengLeiChuXingQu	BigWorldEl01_FWZB_MengLeiChuXingQu_03_LeYuan_DialogueText	1010075146	BigWorldEl01_FWZB_MengLeiChuXingQu_03_LeYuan	玲珑峡谷永远的王！	The eternal king of Linglong Canyon!	translated	False
/Game/Data/ExportDialogues/BigWorldEl01/BigWorldEl01_FWZB/MengLeiChuXingQu/DT_DialogueInfo_BigWorldEl01_FWZB_MengLeiChuXingQu	BigWorldEl01_FWZB_MengLeiChuXingQu_04_FuZhi1_DialogueText	1709655778	BigWorldEl01_FWZB_MengLeiChuXingQu_04_FuZhi1	怎么没有伴奏？山河万里执枪肆意笑纳！	Why is there no accompaniment? I shall wield my spear and conquer the world with a laugh!	translated	False
/Game/Data/ExportDialogues/Cl05/Cl05_JXGCRK/BoZhongBangSanRenJiuZhangHou/DT_DialogueInfo_Cl05_JXGCRK_BoZhongBangSanRenJiuZhangHou	Cl05_JXGCRK_BoZhongBangSanRenJiuZhangHou_00_WangWenYe_DialogueText	3606533766	Cl05_JXGCRK_BoZhongBangSanRenJiuZhangHou_00_WangWenYe	学院到底发生了什么事？	What exactly happened at the academy?	translated	False
/Game/Data/ExportDialogues/Cl05/Cl05_JXGCRK/BoZhongBangSanRenJiuZhangHou/DT_DialogueInfo_Cl05_JXGCRK_BoZhongBangSanRenJiuZhangHou	Cl05_JXGCRK_BoZhongBangSanRenJiuZhangHou_01_QinXiao_DialogueText	1551158444	Cl05_JXGCRK_BoZhongBangSanRenJiuZhangHou_01_QinXiao	夫子院长在哪里？也没见到星之队他们……很担心。	Where is the Dean? I haven't seen the Star Team either... I'm very worried.	translated	False
/Game/Data/ExportDialogues/Cl05/Cl05_JXGCRK/BoZhongBangSanRenJiuZhangHou/DT_DialogueInfo_Cl05_JXGCRK_BoZhongBangSanRenJiuZhangHou	Cl05_JXGCRK_BoZhongBangSanRenJiuZhangHou_02_QiuLi_DialogueText	1923193492	Cl05_JXGCRK_BoZhongBangSanRenJiuZhangHou_02_QiuLi	我能理解你们的心情。	I understand how you feel.	translated	False
/Game/Data/ExportDialogues/Cl05/Cl05_JXGCRK/BoZhongBangSanRenJiuZhangHou/DT_DialogueInfo_Cl05_JXGCRK_BoZhongBangSanRenJiuZhangHou	Cl05_JXGCRK_BoZhongBangSanRenJiuZhangHou_03_QiuLi_DialogueText	695607557	Cl05_JXGCRK_BoZhongBangSanRenJiuZhangHou_03_QiuLi	等查明情况后，学院会通知大家的。	The academy will notify everyone once the situation is clarified.	translated	False
/Game/Data/ExportDialogues/Cl05/Cl05_JXGCRK/RuKouLingYunWeiJiuZhangHou/DT_DialogueInfo_Cl05_JXGCRK_RuKouLingYunWeiJiuZhangHou	Cl05_JXGCRK_RuKouLingYunWeiJiuZhangHou_00_MoQianFan_DialogueText	4197345333	Cl05_JXGCRK_RuKouLingYunWeiJiuZhangHou_00_MoQianFan	请大家不要在外围区域逗留！	Please do not linger in the outer perimeter!	translated	False
/Game/Data/ExportDialogues/Cl05/Cl05_JXGCRK/RuKouLingYunWeiJiuZhangHou/DT_DialogueInfo_Cl05_JXGCRK_RuKouLingYunWeiJiuZhangHou	Cl05_JXGCRK_RuKouLingYunWeiJiuZhangHou_01_AnXiangYuan_DialogueText	554046676	Cl05_JXGCRK_RuKouLingYunWeiJiuZhangHou_01_AnXiangYuan	凌云卫会尽力保障大家的安全。	The Lingyun Guard will do our best to ensure everyone's safety.	translated	False
/Game/Data/ExportDialogues/Cl05/Cl05_YCJD/GuoYuJiuZhangHou/DT_DialogueInfo_Cl05_YCJD_GuoYuJiuZhangHou	Cl05_YCJD_GuoYuJiuZhangHou_00_GuoYu_DialogueText	1451065658	Cl05_YCJD_GuoYuJiuZhangHou_00_GuoYu	同学们不要怕，凌云卫会守护大家！	Students, don't be afraid! The Lingyun Guard will protect you all!	translated	False
/Game/Data/ExportDialogues/Cl05/Cl05_YCJD/LinShouAnJiuZhangHou/DT_DialogueInfo_Cl05_YCJD_LinShouAnJiuZhangHou	Cl05_YCJD_LinShouAnJiuZhangHou_00_LinShouAn0_DialogueText	4064559339	Cl05_YCJD_LinShouAnJiuZhangHou_00_LinShouAn0	请大家不要过度忧虑，保持镇定。	Please do not worry excessively; stay calm.	translated	False
/Game/Data/ExportDialogues/Cl05/Cl05_YCJD/QingYingSanRenJiuZhangHou/DT_DialogueInfo_Cl05_YCJD_QingYingSanRenJiuZhangHou	Cl05_YCJD_QingYingSanRenJiuZhangHou_00_QingYing_DialogueText	538379884	Cl05_YCJD_QingYingSanRenJiuZhangHou_00_QingYing	这，这怎么回事！通天塔的外环怎么变成这样了？	W-what's going on! How did the outer ring of the Tongtian Tower end up like this?	translated	False
/Game/Data/ExportDialogues/Cl05/Cl05_YCJD/QingYingSanRenJiuZhangHou/DT_DialogueInfo_Cl05_YCJD_QingYingSanRenJiuZhangHou	Cl05_YCJD_QingYingSanRenJiuZhangHou_01_DuGeng_DialogueText	127245776	Cl05_YCJD_QingYingSanRenJiuZhangHou_01_DuGeng	啊！那东西要是掉下来……学院都会被损毁吧！	Ah! If that thing falls... the academy will be destroyed!	translated	False
/Game/Data/ExportDialogues/Cl05/Cl05_YCJD/QingYingSanRenJiuZhangHou/DT_DialogueInfo_Cl05_YCJD_QingYingSanRenJiuZhangHou	Cl05_YCJD_QingYingSanRenJiuZhangHou_02_AnZhongLi_DialogueText	834977649	Cl05_YCJD_QingYingSanRenJiuZhangHou_02_AnZhongLi	大家不要恐慌，现在事态都还在控制中，我们会守卫学院与学子的安全。	Everyone, don't panic. The situation is still under control, and we will guard the safety of the academy and the students.	translated	False
/Game/Data/ExportDialogues/Cl05/Cl05_YCJD/SangLingJiuZhangHou/DT_DialogueInfo_Cl05_YCJD_SangLingJiuZhangHou	Cl05_YCJD_SangLingJiuZhangHou_00_SangLing_DialogueText	2544415404	Cl05_YCJD_SangLingJiuZhangHou_00_SangLing	招募机关修理小队！有意者请前来报名！	Recruiting for the Mechanism Repair Squad! Those interested, please sign up!	translated	False
/Game/Data/ExportDialogues/Cl05/Cl05_YCJD/SangLingJiuZhangHou/DT_DialogueInfo_Cl05_YCJD_SangLingJiuZhangHou	Cl05_YCJD_SangLingJiuZhangHou_01_SangLing_DialogueText	819047024	Cl05_YCJD_SangLingJiuZhangHou_01_SangLing	通天塔外环碎裂，现招募小队设计修复方案，为老师们分忧。	The outer ring of the Heavenly Tower has shattered. We are now recruiting a squad to design a repair plan to ease the teachers' burdens.	translated	False
/Game/Data/ExportDialogues/Cl05/Cl05_YCJD/SangLingJiuZhangHou/DT_DialogueInfo_Cl05_YCJD_SangLingJiuZhangHou	Cl05_YCJD_SangLingJiuZhangHou_02_LiWan_DialogueText	2577054158	Cl05_YCJD_SangLingJiuZhangHou_02_LiWan	不是机关学院的能报名吗？我们也想出份力。	Can those not from the Academy of Mechanics sign up? We want to help too.	translated	False
/Game/Data/ExportDialogues/Cl05/Cl05_YCJD/SangLingJiuZhangHou/DT_DialogueInfo_Cl05_YCJD_SangLingJiuZhangHou	Cl05_YCJD_SangLingJiuZhangHou_03_SangLing_DialogueText	1566877197	Cl05_YCJD_SangLingJiuZhangHou_03_SangLing	当然可以！大家一起群策群力！	Of course! Let's all work together!	translated	False
/Game/Data/ExportDialogues/Cl05/Cl05_YCJD/YouLieJiaJiuZhangHou/DT_DialogueInfo_Cl05_YCJD_YouLieJiaJiuZhangHou	Cl05_YCJD_YouLieJiaJiuZhangHou_00_ZhuoKaiQin_DialogueText	1320479767	Cl05_YCJD_YouLieJiaJiuZhangHou_00_ZhuoKaiQin	学院这是怎么了，也没见到院长他们……	What's wrong with the academy? I haven't seen the Dean and the others...	translated	False
/Game/Data/ExportDialogues/Cl05/Cl05_YCJD/YouLieJiaJiuZhangHou/DT_DialogueInfo_Cl05_YCJD_YouLieJiaJiuZhangHou	Cl05_YCJD_YouLieJiaJiuZhangHou_01_ZhuoKaiQin_DialogueText	2299865268	Cl05_YCJD_YouLieJiaJiuZhangHou_01_ZhuoKaiQin	学纪狗，打起精神来，需要的话我们也去帮忙。	Academic Discipline dog, cheer up! We can help if needed.	translated	False
/Game/Data/ExportDialogues/Cl05/Cl05_ZCJD/FeiYangJiuZhangHou/DT_DialogueInfo_Cl05_ZCJD_FeiYangJiuZhangHou	Cl05_ZCJD_FeiYangJiuZhangHou_00_FeiYang_DialogueText	1397378742	Cl05_ZCJD_FeiYangJiuZhangHou_00_FeiYang	出了这么大的事，怎么没见到夫子院长？	With such a major incident, why haven't we seen the Dean?	translated	False
/Game/Data/ExportDialogues/Cl05/Cl05_ZCJD/FeiYangJiuZhangHou/DT_DialogueInfo_Cl05_ZCJD_FeiYangJiuZhangHou	Cl05_ZCJD_FeiYangJiuZhangHou_01_XuPingQing_DialogueText	595512291	Cl05_ZCJD_FeiYangJiuZhangHou_01_XuPingQing	我想夫子一定是在处理更棘手的事情。	I think the Master must be dealing with something more pressing.	translated	False
/Game/Data/ExportDialogues/Cl05/Cl05_ZCJD/KanTianSanRenJiuZhangHou/DT_DialogueInfo_Cl05_ZCJD_KanTianSanRenJiuZhangHou	Cl05_ZCJD_KanTianSanRenJiuZhangHou_00_ZeZhou_DialogueText	3522298569	Cl05_ZCJD_KanTianSanRenJiuZhangHou_00_ZeZhou	通天塔的外环碎了！等等，这种情况该怎么办……	The outer ring of the Tower of Heaven is broken! Wait, what should we do in this situation...	translated	False
/Game/Data/ExportDialogues/Cl05/Cl05_ZCJD/KanTianSanRenJiuZhangHou/DT_DialogueInfo_Cl05_ZCJD_KanTianSanRenJiuZhangHou	Cl05_ZCJD_KanTianSanRenJiuZhangHou_01_ZeZhou_DialogueText	1167497961	Cl05_ZCJD_KanTianSanRenJiuZhangHou_01_ZeZhou	得联系工巧家……不对不对，先跟机关学院上报……	I need to contact the Gongqiao family... No, no, report to the Mechanism Academy first...	translated	False
/Game/Data/ExportDialogues/Cl05/Cl05_ZCJD/KanTianSanRenJiuZhangHou/DT_DialogueInfo_Cl05_ZCJD_KanTianSanRenJiuZhangHou	Cl05_ZCJD_KanTianSanRenJiuZhangHou_02_WenQingLing_DialogueText	1301541971	Cl05_ZCJD_KanTianSanRenJiuZhangHou_02_WenQingLing	学长……现在墨子院长不在学院……	Senior... Dean Mozi is not at the academy right now...	translated	False
/Game/Data/ExportDialogues/Cl05/Cl05_ZCJD/KanTianSanRenJiuZhangHou/DT_DialogueInfo_Cl05_ZCJD_KanTianSanRenJiuZhangHou	Cl05_ZCJD_KanTianSanRenJiuZhangHou_03_FengYueLing_DialogueText	3141377773	Cl05_ZCJD_KanTianSanRenJiuZhangHou_03_FengYueLing	学长，我们以后不会上不了课了吧？	Senior, will we be unable to attend classes from now on?	translated	False
/Game/Data/ExportDialogues/Cl05/Cl05_ZCJD/KanTianSanRenJiuZhangHou/DT_DialogueInfo_Cl05_ZCJD_KanTianSanRenJiuZhangHou	Cl05_ZCJD_KanTianSanRenJiuZhangHou_04_ZeZhou_DialogueText	834362323	Cl05_ZCJD_KanTianSanRenJiuZhangHou_04_ZeZhou	怎么偏偏这个时候……夫子也不知道去哪儿了，学院都要乱套了……	Why now of all times... I don't know where the Master went either, the academy is going to be in chaos...	translated	False
/Game/Data/ExportDialogues/Cl05/Cl05_ZCJD/SongBeiChenJiuZhangHou/DT_DialogueInfo_Cl05_ZCJD_SongBeiChenJiuZhangHou	Cl05_ZCJD_SongBeiChenJiuZhangHou_00_SongBeiChen_DialogueText	1140116540	Cl05_ZCJD_SongBeiChenJiuZhangHou_00_SongBeiChen	请同学们保持秩序，我们会确保大家的安全！	Students, please maintain order. We will ensure everyone's safety!	translated	False
/Game/Data/ExportDialogues/HcZhaowei/HcZhaowei_HMLCJ/WeiTuoYaoQing/DT_DialogueInfo_HcZhaowei_HMLCJ_WeiTuoYaoQing	HcZhaowei_HMLCJ_WeiTuoYaoQing_00_XueZaiJiXia0_DialogueText	2424209188	HcZhaowei_HMLCJ_WeiTuoYaoQing_00_XueZaiJiXia0	叮！同学你好，您有一封来自学士委的加急委托函。	Ding! Hello student, you have an urgent commission letter from the Scholar Committee.	translated	False
/Game/Data/ExportDialogues/HcZhaowei/HcZhaowei_HMLCJ/WeiTuoYaoQing/DT_DialogueInfo_HcZhaowei_HMLCJ_WeiTuoYaoQing	HcZhaowei_HMLCJ_WeiTuoYaoQing_02_DialogueText	4279853106	HcZhaowei_HMLCJ_WeiTuoYaoQing_02	学士委找我？	The Scholar Committee wants me?	translated	False
/Game/Data/ExportDialogues/HcZhaowei/HcZhaowei_HMLCJ/WeiTuoYaoQing/DT_DialogueInfo_HcZhaowei_HMLCJ_WeiTuoYaoQing	HcZhaowei_HMLCJ_WeiTuoYaoQing_03_PlayerF_DialogueText	4279711063	HcZhaowei_HMLCJ_WeiTuoYaoQing_03_PlayerF	有事找我？请问是什么委托？	You need me for something? What is the commission?	translated	False
/Game/Data/ExportDialogues/HcZhaowei/HcZhaowei_HMLCJ/WeiTuoYaoQing/DT_DialogueInfo_HcZhaowei_HMLCJ_WeiTuoYaoQing	HcZhaowei_HMLCJ_WeiTuoYaoQing_03_PlayerM_DialogueText	4279711063	HcZhaowei_HMLCJ_WeiTuoYaoQing_03_PlayerM	有事找我？请问是什么委托？	You need me for something? What is the commission?	translated	False
/Game/Data/ExportDialogues/HcZhaowei/HcZhaowei_HMLCJ/WeiTuoYaoQing/DT_DialogueInfo_HcZhaowei_HMLCJ_WeiTuoYaoQing	HcZhaowei_HMLCJ_WeiTuoYaoQing_06_XueZaiJiXia0_DialogueText	1647951985	HcZhaowei_HMLCJ_WeiTuoYaoQing_06_XueZaiJiXia0	受夫子专属委托，向你传达一项重要任务：云根镇演武擂台在即，长城守卫军遴选需贤才协理。	By the Master's exclusive commission, I am to convey an important task: The martial arts tournament in Yungen Town is approaching, and the Great Wall Guard selection requires talented assistance.	translated	False
/Game/Data/ExportDialogues/HcZhaowei/HcZhaowei_HMLCJ/WeiTuoYaoQing/DT_DialogueInfo_HcZhaowei_HMLCJ_WeiTuoYaoQing	HcZhaowei_HMLCJ_WeiTuoYaoQing_07_XueZaiJiXia0_DialogueText	3624684331	HcZhaowei_HMLCJ_WeiTuoYaoQing_07_XueZaiJiXia0	夫子原话：“吾独寄厚望于尔，盼复。”	"The Master's words: ""I place my high hopes in you, awaiting your return."""	translated	False
/Game/Data/ExportDialogues/HcZhaowei/HcZhaowei_HMLCJ/WeiTuoYaoQing/DT_DialogueInfo_HcZhaowei_HMLCJ_WeiTuoYaoQing	HcZhaowei_HMLCJ_WeiTuoYaoQing_09_DialogueText	3150784232	HcZhaowei_HMLCJ_WeiTuoYaoQing_09	夫子指派我？	The Master assigned me?	translated	False
/Game/Data/ExportDialogues/HcZhaowei/HcZhaowei_HMLCJ/WeiTuoYaoQing/DT_DialogueInfo_HcZhaowei_HMLCJ_WeiTuoYaoQing	HcZhaowei_HMLCJ_WeiTuoYaoQing_10_PlayerF_DialogueText	3460425694	HcZhaowei_HMLCJ_WeiTuoYaoQing_10_PlayerF	夫子是希望我到云根镇协助守卫军遴选一事，对吗？	Master, you want me to go to Yungen Town to assist the garrison with the selection process, right?	translated	False
/Game/Data/ExportDialogues/HcZhaowei/HcZhaowei_HMLCJ/WeiTuoYaoQing/DT_DialogueInfo_HcZhaowei_HMLCJ_WeiTuoYaoQing	HcZhaowei_HMLCJ_WeiTuoYaoQing_10_PlayerM_DialogueText	3460425694	HcZhaowei_HMLCJ_WeiTuoYaoQing_10_PlayerM	夫子是希望我到云根镇协助守卫军遴选一事，对吗？	Master, you want me to go to Yungen Town to assist the garrison with the selection process, right?	translated	False
/Game/Data/ExportDialogues/HcZhaowei/HcZhaowei_HMLCJ/WeiTuoYaoQing/DT_DialogueInfo_HcZhaowei_HMLCJ_WeiTuoYaoQing	HcZhaowei_HMLCJ_WeiTuoYaoQing_11_XueZaiJiXia0_DialogueText	3044511514	HcZhaowei_HMLCJ_WeiTuoYaoQing_11_XueZaiJiXia0	正是。夫子交代，请你安心前往，去演武擂台处寻星芒导师对接。	Indeed. The Master has instructed you to proceed with peace of mind and seek out Mentor Xingmang at the Martial Arena for further coordination.	translated	False
/Game/Data/ExportDialogues/HcZhaowei/HcZhaowei_HMLCJ/WeiTuoYaoQing/DT_DialogueInfo_HcZhaowei_HMLCJ_WeiTuoYaoQing	HcZhaowei_HMLCJ_WeiTuoYaoQing_13_DialogueText	3281519308	HcZhaowei_HMLCJ_WeiTuoYaoQing_13	这合适吗……	Is this appropriate...	translated	False
/Game/Data/ExportDialogues/HcZhaowei/HcZhaowei_HMLCJ/WeiTuoYaoQing/DT_DialogueInfo_HcZhaowei_HMLCJ_WeiTuoYaoQing	HcZhaowei_HMLCJ_WeiTuoYaoQing_14_PlayerF_DialogueText	24220770	HcZhaowei_HMLCJ_WeiTuoYaoQing_14_PlayerF	协助守卫军遴选似乎颇有难度……夫子确定派我去帮忙吗？	Assisting the Guard selection seems quite difficult... Is the Master sure about sending me?	translated	False
/Game/Data/ExportDialogues/HcZhaowei/HcZhaowei_HMLCJ/WeiTuoYaoQing/DT_DialogueInfo_HcZhaowei_HMLCJ_WeiTuoYaoQing	HcZhaowei_HMLCJ_WeiTuoYaoQing_14_PlayerM_DialogueText	24220770	HcZhaowei_HMLCJ_WeiTuoYaoQing_14_PlayerM	协助守卫军遴选似乎颇有难度……夫子确定派我去帮忙吗？	Assisting the Guard selection seems quite difficult... Is the Master sure about sending me?	translated	False
/Game/Data/ExportDialogues/HcZhaowei/HcZhaowei_HMLCJ/WeiTuoYaoQing/DT_DialogueInfo_HcZhaowei_HMLCJ_WeiTuoYaoQing	HcZhaowei_HMLCJ_WeiTuoYaoQing_15_XueZaiJiXia0_DialogueText	3295977416	HcZhaowei_HMLCJ_WeiTuoYaoQing_15_XueZaiJiXia0	夫子表示他自有安排。请你安心前往，去演武擂台处寻星芒导师对接。	The Master says he has his own arrangements. Please rest assured and head to the martial arts tournament to meet with Mentor Xingmang.	translated	False
/Game/Data/ExportDialogues/HcZhaowei/HcZhaowei_HMLCJ/WeiTuoYaoQing/DT_DialogueInfo_HcZhaowei_HMLCJ_WeiTuoYaoQing	HcZhaowei_HMLCJ_WeiTuoYaoQing_18_XueZaiJiXia0_DialogueText	792796084	HcZhaowei_HMLCJ_WeiTuoYaoQing_18_XueZaiJiXia0	此外，夫子还有嘱托：遴选切磋无需担忧，他已另托守卫军队长对你指点一二，届时切莫失礼数。	Furthermore, the Master has a request: do not worry about the selection trials. He has already entrusted the Captain of the Guard to provide you with some guidance. Please be sure to show proper respect when you meet.	translated	False
/Game/Data/ExportDialogues/HcZhaowei/HcZhaowei_HMLCJ/WeiTuoYaoQing/DT_DialogueInfo_HcZhaowei_HMLCJ_WeiTuoYaoQing	HcZhaowei_HMLCJ_WeiTuoYaoQing_19_XueZaiJiXia0_DialogueText	153946910	HcZhaowei_HMLCJ_WeiTuoYaoQing_19_XueZaiJiXia0	将军若有驱策，还请效绵薄之力。望不负夫子所托。	If the General has any orders, please allow me to contribute my humble efforts. I hope not to fail the Master's trust.	translated	False
/Game/Data/ExportDialogues/HcZhaowei/HcZhaowei_HMLCJ/WeiTuoYaoQing/DT_DialogueInfo_HcZhaowei_HMLCJ_WeiTuoYaoQing	HcZhaowei_HMLCJ_WeiTuoYaoQing_21_DialogueText	799206710	HcZhaowei_HMLCJ_WeiTuoYaoQing_21	恭敬不如从命。	I would be honored to oblige.	translated	False
/Game/Data/ExportDialogues/HcZhaowei/HcZhaowei_HMLCJ/WeiTuoYaoQing/DT_DialogueInfo_HcZhaowei_HMLCJ_WeiTuoYaoQing	HcZhaowei_HMLCJ_WeiTuoYaoQing_22_PlayerF_DialogueText	2774997958	HcZhaowei_HMLCJ_WeiTuoYaoQing_22_PlayerF	收到。我这就前往云根镇演武擂台，找星芒老师。	Understood. I will head to the Yungen Town martial arts tournament now to find Mentor Xingmang.	translated	False
/Game/Data/ExportDialogues/HcZhaowei/HcZhaowei_HMLCJ/WeiTuoYaoQing/DT_DialogueInfo_HcZhaowei_HMLCJ_WeiTuoYaoQing	HcZhaowei_HMLCJ_WeiTuoYaoQing_22_PlayerM_DialogueText	2774997958	HcZhaowei_HMLCJ_WeiTuoYaoQing_22_PlayerM	收到。我这就前往云根镇演武擂台，找星芒老师。	Understood. I will head to the Yungen Town martial arts tournament now to find Mentor Xingmang.	translated	False
/Game/Data/ExportDialogues/HcZhaowei/HcZhaowei_HMLCJ/WeiTuoYaoQing/DT_DialogueInfo_HcZhaowei_HMLCJ_WeiTuoYaoQing	HcZhaowei_HMLCJ_WeiTuoYaoQing_25_DialogueText	2628442426	HcZhaowei_HMLCJ_WeiTuoYaoQing_25	看来没法拒绝……	Looks like I can't refuse...	translated	False
/Game/Data/ExportDialogues/HcZhaowei/HcZhaowei_HMLCJ/WeiTuoYaoQing/DT_DialogueInfo_HcZhaowei_HMLCJ_WeiTuoYaoQing	HcZhaowei_HMLCJ_WeiTuoYaoQing_26_PlayerF_DialogueText	2233845147	HcZhaowei_HMLCJ_WeiTuoYaoQing_26_PlayerF	收到，那我先去云根镇演武擂台找星芒老师。	Understood, I'll go to the Yungen Town martial arts tournament to find Mentor Xingmang first.	translated	False
/Game/Data/ExportDialogues/HcZhaowei/HcZhaowei_HMLCJ/WeiTuoYaoQing/DT_DialogueInfo_HcZhaowei_HMLCJ_WeiTuoYaoQing	HcZhaowei_HMLCJ_WeiTuoYaoQing_26_PlayerM_DialogueText	2233845147	HcZhaowei_HMLCJ_WeiTuoYaoQing_26_PlayerM	收到，那我先去云根镇演武擂台找星芒老师。	Understood, I'll go to the Yungen Town martial arts tournament to find Mentor Xingmang first.	translated	False
