change_type	namespace	guid	row	old_source_hash	new_source_hash	old_text	new_text	old_zh_text	new_zh_text	old_status	new_status	old_model	new_model	source	reason
source_hash_replaced_same_key	/Game/Data/DataTables/BattleTutorial/DT_BattleTutorial_FeiHan	5B8F72D344036A4C07B849AC044E5CCB		0x6CF6C1BC	0x130FED2E	Cast the Ultimate 'Full-Power Rabbit' to counter an enemy's red-glow attack	Cast the Ultimate 'Full Rabbit Power' to counter enemy Red-Light Skills			translated	translated				
source_hash_replaced_same_key	/Game/Data/DataTables/BattleTutorial/DT_BattleTutorial_FeiHan	7583250A43A6F7FCC2457C90D52786F0		0xFD5D3060	0x055C0416	Flow Pulse: <ffe398>Frostbite</>: [br]<ffe398>Spirit Loop</> and <ffe398>Ice Cyclone</> can apply Frost Accumulation to enemies. Once full, it triggers an 8-second <ffe398>Frostbite Mark</>, causing continuous HP loss.	Flow Pulse · <ffe398>Frostbite</>: [br]<ffe398>Ice Whirlwind</> can apply a 15-second <ffe398>Frostbite Mark</> to enemies, causing them to lose HP continuously.			translated	translated				
source_hash_replaced_same_key	/Game/Data/DataTables/BattleTutorial/DT_BattleTutorial_FeiHan	95695A174872CEA7403F058778B40205		0xD2017EA9	0xADF8523B	Tutorial: Cast Ultimate to counter enemy red-light skills	Tutorial: Cast Ultimate to counter enemy red-light skills			translated	translated				
source_hash_replaced_same_key	/Game/Data/DataTables/BattleTutorial/DT_BattleTutorial_FeiHan	DB900FB5432D2B7858D847AB1F102309		0x41949294	0xCC801603	Tip: Cast Skill 1 (Snow Spirit Loop) and Ice Whirlwind to apply Condense Accumulation to enemies. Once full, trigger Flow Pulse effects	Tip: Cast Skill 1 to summon an Ice Whirlwind, which can trigger Flow Pulse effects			translated	translated				
source_hash_replaced_same_key	/Game/Data/DataTables/BattleTutorial/DT_BattleTutorial_FeiHan	FFC760D849C4669C7368468293ED2816		0x41FA820F	0x0DADA4F4	Trigger Flow Pulse: Frozen Feast 1 time	Trigger Flow Pulse · Frost Impact once			translated	translated				
source_hash_replaced_same_key	/Game/Data/DataTables/CombatGrowth/BuffGrowth/DT_BuffGrowth_FeiHan	362612924C1D9DDD261E5E952D53F8D5		0x4A929DE6	0xCA418C3F	"<Skill_HL2 ContentRow=""101809"">Ice Whirlwind</> damage increased by <Skill_Number>20%</>. When <Skill_HL2>Ice Whirlwind</> hits an enemy, your own All-round Adeptness is increased by <Skill_Number>12%</> for <Skill_Number>12</> seconds."	"<Skill_HL2 ContentRow=""101809"">Ice Cyclone</> damage increased by <Skill_Number>200%</>. When <Skill_HL2>Ice Cyclone</> hits an enemy, increase your own All-round Adeptness by <Skill_Number>12%</> for <Skill_Number>12</> seconds."			translated	translated				
added_only	/Game/Data/DataTables/CombatGrowth/BuffGrowth/Equipment/DT_BuffGrowth_Equipment_benzizhang	ED467FCE4B4769C5C916FE8DEEAC4884			0xCCAAB58E		After successfully parrying or neutralizing attacks <Skill_Number>2</> times within #time2# seconds, gain the [Immovable] effect, increasing Crit Rate by #crit# for #time1# seconds. (This effect can trigger at most <Skill_Number>1</> time every <Skill_Number>15</> seconds.)				translated				
source_hash_replaced_same_key	/Game/Data/DataTables/CombatGrowth/SkillGrowth/DT_SkillGrowth_FeiHan	405C293949327BBA87C2A7826E8505F2		0x6722B6A1	0xF1C5EF9E	"After the front-line resonance casts an Ultimate, it triggers the <Skill_HL2>Resonance Flow</> skill, entering the field alongside <Skill_HL2 ContentRow=""101810"">Dabai</> to jointly fire a <Skill_HL2>Frost Ray</>, dealing <IconSkill></> Flow damage."	"After casting an Ultimate, trigger <Skill_HL2>Flow Synergy</> to have <Skill_HL2 ContentRow=""101810"">Dabai</> enter the field and join you in firing <Skill_HL2>Frost Rays</> at enemies, dealing <IconSkill></> Flow Skill damage.
<Skill_HL2>Flow Synergy</> grants Super Armor and damage reduction while active."			translated	translated				
source_hash_replaced_same_key	/Game/Data/DataTables/CombatGrowth/SkillGrowth/DT_SkillGrowth_FeiHan	5C29F1E34E72C6A357E6F3B70B1F2F4B		0x4884D5F8	0x6824D24C	"The Rabbit Spirit transforms into the giant rabbit <Skill_HL2 ContentRow=""101810"">Da Bai</>, and slams into the ground, dealing <IconUltimate></> Ultimate Skill Damage and countering enemy <Skill_HL2>Red-Light Skills</>. Afterward, <Skill_HL2>Da Bai</> will automatically attack enemies for the next <Skill_Number>9</> seconds.
During this time, your <Skill_HL2 ContentRow=""101806"">Bunny Bullets</> are immediately restored to their maximum, and you will automatically cast Skill 2 <Skill_HL1>Bunny Barrage</> without consuming <Skill_HL2>Bunny Bullets</>, while also intermittently firing <Skill_HL2>Frost Rays</>."	"The Rabbit Spirit transforms into the giant rabbit <Skill_HL2 ContentRow=""101810"">Dabai</>, slamming into the ground to deal <IconUltimate></> Ultimate damage, capable of countering enemy <Skill_HL2>Red-Light Skills</>. Afterward, <Skill_HL2>Dabai</> will automatically attack enemies for the next <Skill_Number>9</> seconds.
During this period, your <Skill_HL2 ContentRow=""101806"">Rabbit Bullets</> are immediately restored to the cap and automatically fire the second skill <Skill_HL1>Rabbit Barrage</> without consuming <Skill_HL2>Rabbit Bullets</>, while also intermittently firing <Skill_HL2>Frost Rays</>.
While <Skill_HL2>Dabai</> is on the field, <Skill_HL1>Rabbit Barrage</> gains Super Armor and damage reduction."			translated	translated				
source_hash_replaced_same_key	/Game/Data/DataTables/CombatGrowth/SkillGrowth/DT_SkillGrowth_FeiHan	5D4B98F340F99FDB626A5AB44CDB9186		0x35127458	0xB04C2D66	"After triggering a <Skill_HL2>Perfect Dodge</>, your next basic attack is enhanced into <Skill_HL2>Frost Ray</>, dealing <IconCommonAttack></> basic attack damage and countering enemy <Skill_HL2>Red-Light Skills</>.
If a <Skill_HL2>Perfect Dodge</> is triggered during the Skill 2 <Skill_HL1>Rabbit Barrage</>, <Skill_HL2>Frost Ray</> will be fired automatically."	"After triggering a <Skill_HL2>Perfect Dodge</>, the next basic attack is enhanced into <Skill_HL2>Frost Ray</>, dealing <IconCommonAttack></> basic attack damage and countering the enemy's <Skill_HL2>Red-Light Skill</>.
If a <Skill_HL2>Perfect Dodge</> is triggered during the second skill <Skill_HL1>Bunny Barrage</>, it will automatically fire a <Skill_HL2>Frost Ray</>, dealing <IconSkill></> Flow skill damage."			translated	translated				
source_hash_replaced_same_key	/Game/Data/DataTables/CommonCondition/DT_CommonConditionGroup_Plateau	099109FE4A1165FC22882EBEE4E9E86B		0xDE288320	0x90B354C4	World Level 7	Wave Level 7 and perfect clear Floating Life V			translated	translated				
source_hash_replaced_same_key	/Game/Data/DataTables/CommonCondition/DT_CommonConditionGroup_Plateau	0E1D907D44DEF666491BF6814A090291		0xAF9A6066	0x0AB61DFE	World Level 7	Wave Level 7 and perfect clear Transcendent I			translated	translated				
source_hash_replaced_same_key	/Game/Data/DataTables/CommonCondition/DT_CommonConditionGroup_Plateau	184B698D4A8356349B38D79049294B70		0x69F569E1	0x77BE5274	Wave Flow Level 7 and perfect clear of Floor 8	Wave Level 7 and perfect clear Transcendent III			translated	translated				
source_hash_replaced_same_key	/Game/Data/DataTables/CommonCondition/DT_CommonConditionGroup_Plateau	2E8215364C8BFA68CEF8C99D1C8C3DD6		0x300C40A7	0xD480D66D	Wave Flow Level 7 and perfect clear of Floor 11	Wave Level 7 and perfect clear Transcendent VI			translated	translated				
source_hash_replaced_same_key	/Game/Data/DataTables/CommonCondition/DT_CommonConditionGroup_Plateau	850D3DF740634684DAC983B1647CBFFD		0x96DC0656	0x38946B0D	Wave Flow Level 7 and perfect clear of Floor 10	Wave Level 7 and perfect clear Transcendent V			translated	translated				
source_hash_replaced_same_key	/Game/Data/DataTables/CommonCondition/DT_CommonConditionGroup_Plateau	89D0164A4C09A9C25D3728815F1AF553		0x45CE1D87	0x858031B4	World Level 6	Wave Level 6 and clear Floating Life I			translated	translated				
source_hash_replaced_same_key	/Game/Data/DataTables/CommonCondition/DT_CommonConditionGroup_Plateau	8C5366DD4C40249AA96923AADA38F7C9		0xBBC1DF3C	0xE9D6D1AE	Wave Flow Level 7 and perfect clear of Floor 9	Wave Level 7 and perfect clear Transcendent IV			translated	translated				
source_hash_replaced_same_key	/Game/Data/DataTables/CommonCondition/DT_CommonConditionGroup_Plateau	A568C07744CB36980AEA67A111464215		0xAB5B0306	0x6DF8AAAB	Wave Flow Level 7 and clear of Floor 3	Wave Level 7 and clear Floating Life III			translated	translated				
source_hash_replaced_same_key	/Game/Data/DataTables/CommonCondition/DT_CommonConditionGroup_Plateau	B85BFB3547F320E6B74C8CA5F79E5D53		0xFB6D3EC8	0xAD39147D	World Level 7	Wave Level 7 and perfect clear Transcendent II			translated	translated				
source_hash_replaced_same_key	/Game/Data/DataTables/CommonCondition/DT_CommonConditionGroup_Plateau	E0917A144DA454ECB45A45860D0D7BCC		0x7AA481C8	0x41F1EE67	World Level 7	Wave Level 7 and perfect clear Floating Life IV			translated	translated				
source_hash_replaced_same_key	/Game/Data/DataTables/CommonCondition/DT_CommonConditionGroup_Plateau	E254C37F4370C99BF5A554B7CF3103D1		0xAF518505	0x4594101D	World Level 6	Reach Yuan Flow Level 53 and clear Floating Life II			translated	translated				
source_hash_replaced_same_key	/Game/Data/DataTables/CommonCondition/DT_CommonConditionGroup_Season	3A7043864CB80AAA9E8B3D8C623B1C1A		0x39CC2011	0x82357B05	Accumulate 10 wins in Arena	Win 10 matches in Competitive Peak, Ranked, or Matchmaking modes			translated	translated				
source_hash_replaced_same_key	/Game/Data/DataTables/CommonCondition/DT_CommonConditionGroup_Season	47678F514A551BEF6BD022BB5983D356		0x9D17B0EA	0x26EEEBFE	Accumulate 35 wins in Arena	Win 35 matches in Competitive Peak, Ranked, or Matchmaking modes			translated	translated				
source_hash_replaced_same_key	/Game/Data/DataTables/CommonCondition/DT_CommonConditionGroup_Season	A5E40D184CBDE934C1416389F253A6DF		0x4D54C99E	0xF6AD928A	Accumulate 60 wins in Arena	Win 60 matches in Competitive Peak, Ranked, or Matchmaking modes			translated	translated				
added_only	/Game/Data/DataTables/CommonCondition/DT_CommonConditionGroup_SystemUnlock	2758E0384AA29DC5253FD5BB3271E06C			0x57A26460		Complete the breakthrough quest to start the trial				translated				
added_only	/Game/Data/DataTables/CommonCondition/DT_CommonConditionGroup_SystemUnlock	310E97EF4155F07049AF60B567A578D0			0x57A26460		Complete the breakthrough quest to start the trial				translated				
added_only	/Game/Data/DataTables/CommonCondition/DT_CommonConditionGroup_SystemUnlock	40BEAC864CAF7110F3DF86B152865111			0x57A26460		Complete the breakthrough quest to start the trial				translated				
added_only	/Game/Data/DataTables/CommonCondition/DT_CommonConditionGroup_SystemUnlock	4C60E1BA4B815E4E36B3A9ACE83A9E46			0x57A26460		Complete the breakthrough quest to start the trial				translated				
added_only	/Game/Data/DataTables/CommonCondition/DT_CommonConditionGroup_SystemUnlock	A19940EA4B11504F67E80D82C9A9A37A			0x57A26460		Complete the breakthrough quest to start the trial				translated				
added_only	/Game/Data/DataTables/CommonCondition/DT_CommonConditionGroup_SystemUnlock	ABE9C5304D491D3E082DC2A381600279			0x57A26460		Complete the breakthrough quest to start the trial				translated				
added_only	/Game/Data/DataTables/CommonCondition/DT_CommonConditionGroup_SystemUnlock	ACDDDB78407F3002DA0A998A3F571E52			0x57A26460		Complete the breakthrough quest to start the trial				translated				
added_only	/Game/Data/DataTables/CommonCondition/DT_CommonConditionGroup_SystemUnlock	C5754A6D4A539041AAE1BDB11B3EF936			0x57A26460		Complete the breakthrough quest to start the trial				translated				
added_only	/Game/Data/DataTables/CommonCondition/DT_CommonConditionGroup_SystemUnlock	C98078A94EBCFF680F65ABA345958812			0x57A26460		Complete the breakthrough quest to start the trial				translated				
added_only	/Game/Data/DataTables/CommonCondition/DT_CommonConditionGroup_SystemUnlock	C993893D4651CDB29CAE4D8381DB2C30			0x57A26460		Complete the breakthrough quest to start the trial				translated				
added_only	/Game/Data/DataTables/CommonCondition/DT_CommonConditionGroup_SystemUnlock	CCEA010448BEDE56AFA2BEBF957042E5			0x57A26460		Complete the breakthrough quest to start the trial				translated				
added_only	/Game/Data/DataTables/CommonCondition/DT_CommonConditionGroup_SystemUnlock	D4FDE6C547EE44AF6898FFB33AAC89D6			0x57A26460		Complete the breakthrough quest to start the trial				translated				
added_only	/Game/Data/DataTables/CommonCondition/DT_CommonConditionGroup_SystemUnlock	F67F1F5A495B33892B8671A05752C194			0x57A26460		Complete the breakthrough quest to start the trial				translated				
source_hash_replaced_same_key	/Game/Data/DataTables/CommonCondition/DT_CommonCondition_Plateau	059CEB494E96A66F428C40849237B03C		0x72AE519E	0x4AA85E48	Perfectly clear Floor 9.	Perfectly clear Transcendence IV			translated	translated				
source_hash_replaced_same_key	/Game/Data/DataTables/CommonCondition/DT_CommonCondition_Plateau	12B7705745FDDCD2D12E36BDAF0893C2		0xE9AB444F	0xE28F6181	Perfectly clear Floor 4.	Perfectly clear Floating Life IV			translated	translated				
added_only	/Game/Data/DataTables/CommonCondition/DT_CommonCondition_Plateau	19ECE55D491218BDA2FC21BAAB0A951B			0xB98C4009		Clear Floating Life III				translated				
added_only	/Game/Data/DataTables/CommonCondition/DT_CommonCondition_Plateau	1C61D1BC434361454C41419E1C7ABCC7			0x630B0600		Clear Floating Life II				translated				
source_hash_replaced_same_key	/Game/Data/DataTables/CommonCondition/DT_CommonCondition_Plateau	1D19591F4A22EE7B33F0EB9A2534DA44		0x672443AC	0x0E479B9B	Perfectly clear Floor 7.	Perfectly clear Transcendence II			translated	translated				
added_only	/Game/Data/DataTables/CommonCondition/DT_CommonCondition_Plateau	2F7D00E449B00E2FB2BB3695F02B0284			0xC4840F83		Clear Floating Life I				translated				
source_hash_replaced_same_key	/Game/Data/DataTables/CommonCondition/DT_CommonCondition_Plateau	7AD9F7954E443A5F3D4BD4AA63BCC7D4		0xBE045100	0xD4C0DD92	Perfectly clear Floor 8.	Perfectly clear Transcendence III			translated	translated				
source_hash_replaced_same_key	/Game/Data/DataTables/CommonCondition/DT_CommonCondition_Plateau	7C2612AD45ED233FA23CBA89208A8BC0		0x250144D1	0x33CDDB22	Perfectly clear Floor 5.	Perfectly clear Floating Life V			translated	translated				
source_hash_replaced_same_key	/Game/Data/DataTables/CommonCondition/DT_CommonCondition_Plateau	8AD7C451462D7D93BA14A38F2EF9BAD9		0xAB8E4332	0xA9C89218	Perfectly clear Floor 6.	Perfectly clear Transcendence I			translated	translated				
source_hash_replaced_same_key	/Game/Data/DataTables/CommonCondition/DT_CommonCondition_Plateau	94FFDB8B48B75D92DDBCDB8D076DF47B		0xE36E4D56	0x7CE7E25B	Perfectly clear Floor 3.	Perfectly clear Floating Life III			translated	translated				
source_hash_replaced_same_key	/Game/Data/DataTables/CommonCondition/DT_CommonCondition_Plateau	AC0C609E4629BFBC3BAD2CB28E47BEBB		0xC79DA8C9	0x9BEAE4EB	Perfectly clear Floor 10.	Perfectly clear Transcendence V			translated	translated				
source_hash_replaced_same_key	/Game/Data/DataTables/CommonCondition/DT_CommonCondition_Plateau	C067E7EC479AA544BC51678CCCE38ECE		0x0B37A857	0x77FE598B	Perfectly clear Floor 11.	Perfectly clear Transcendence VI			translated	translated				
added_only	/Game/Data/DataTables/CommonCondition/DT_CommonCondition_System	01D145EC4E3E8446DE9E1CA48760DBA0			0x57A26460		Complete the breakthrough quest to start the trial				translated				
added_only	/Game/Data/DataTables/CommonCondition/DT_CommonCondition_System	17E80CCD43F2840C75128E872C3EB952			0x57A26460		Complete the breakthrough quest to start the trial				translated				
added_only	/Game/Data/DataTables/CommonCondition/DT_CommonCondition_System	31E52B2A46BEE6B261234E846E108E9B			0x57A26460		Complete the breakthrough quest to start the trial				translated				
added_only	/Game/Data/DataTables/CommonCondition/DT_CommonCondition_System	689AFE6F4CD03EEAAFCD858CF76AD4B9			0x57A26460		Complete the breakthrough quest to start the trial				translated				
added_only	/Game/Data/DataTables/CommonCondition/DT_CommonCondition_System	6BB8A82746DB63C7F391C59A84195419			0x57A26460		Complete the breakthrough quest to start the trial				translated				
added_only	/Game/Data/DataTables/CommonCondition/DT_CommonCondition_System	EA185D2648020DA6B9FFB0859A883825			0x57A26460		Complete the breakthrough quest to start the trial				translated				
added_only	/Game/Data/DataTables/CommonTime/DT_CommonTimeTable	A1BE4BC443413AEBB0F17C8A2E268DB8			0xBE3B2461		[Official][S1] 1.1 Set: Celadon Rain Availability (6.25 - Permanent)				translated				
text_rewritten_same_source_hash	/Game/Data/DataTables/Equip/DT_EquipEnchant	07F1C78C437A333F7F89E9A8F9DA92F7		0x950EF529	0x950EF529	Deathblow	Deftness			translated	translated				
text_rewritten_same_source_hash	/Game/Data/DataTables/Equip/DT_EquipEnchant	850A99AF4FE3D3005F0E1D84D5EFB4F8		0x4827D0AA	0x4827D0AA	Honor	Nurture			translated	translated				
text_rewritten_same_source_hash	/Game/Data/DataTables/Equip/DT_EquipEnchant	AC0833A84FF1C288D9B850A1ECE06C8F		0x4827D0AA	0x4827D0AA	Judgment	Nurture			translated	translated				
text_rewritten_same_source_hash	/Game/Data/DataTables/Equip/DT_EquipEnchant	F7795C5A4C5B5B21466652B1A66B7695		0x950EF529	0x950EF529	Verdure	Deftness			translated	translated				
added_only	/Game/Data/DataTables/Ethnography/DT_Ethnography_BigWorldMonster	26FB18A6468C1EBC2D582C8E72BE754D			0xF191334E		Its roar is like thunder, its movement like a storm. The Thunder-Bull, which once galloped across the vast plains, harbors lightning within its massive horns.				translated				
added_only	/Game/Data/DataTables/Ethnography/DT_Ethnography_BigWorldMonster	48B8E27841E286942697208A7C6CAF60			0xF191334E		Its roar is like thunder, its movement like a storm. The Thunder-Bull, which once galloped across the vast plains, harbors lightning within its massive horns.				translated				
added_only	/Game/Data/DataTables/Ethnography/DT_Ethnography_BigWorldMonster	A7B9E11246FB4FA87E8C7D99E2C39A42			0xB3755A33		Han Thunder Horn				translated				
added_only	/Game/Data/DataTables/Inputs/Context/Gamepad/Gameplay/DT_SettingDisplayInputItems_Gamepad	3BF6ED2645E71E89C4752BA2CDC40235			0x93985AA4		Switch Social Status				translated				
added_only	/Game/Data/DataTables/Inputs/Context/Gamepad/Gameplay/DT_SettingDisplayInputItems_Gamepad	BAAA9CAB4289829B412C80B102B655DA			0x7A6F8053		Used to switch social modes in non-hub areas. In Immersive Mode, other players are hidden; in Social Mode, other players are visible.				translated				
source_hash_replaced_same_key	/Game/Data/DataTables/LocalText/DT_LocalizeText_Battle	6E9F0EA04AA9533A23A378AFBA6B674B		0x851B1D59	0x802DAB27	Focus fire on the Lava Pillars! Raise your body temperature!	Lure the Azure Divine Beast and teammates to focus fire on the Lava Pillar! Raise your body temperature!			translated	translated				
added_only	/Game/Data/DataTables/LocalText/DT_LocalizeText_Battle	C246F06F4AECD750193FD29DA39BEDB3			0x0F12514D		Scarlet Divine Beast threat reset!!!				translated				
added_only	/Game/Data/DataTables/LocalText/DT_LocalizeText_Battle	C9042C6B4D25906E2A6D45AF9F008DDB			0x79671278		Azure Divine Beast threat reset!!!				translated				
source_hash_replaced_same_key	/Game/Data/DataTables/LocalText/DT_LocalizeText_Battle	FD0716244D8884F588C7E7AAC39678DF		0xA4872174	0x032CA9A9	Focus fire on the Ice Crystal Pillars! Lower your body temperature!	Lure the Scarlet Divine Beast and teammates to focus fire on the Ice Crystal Pillar! Lower your body temperature!			translated	translated				
added_only	/Game/Data/DataTables/LocalText/DT_LocalizeText_Map	3920499D4C541D1D830F379DC2BD903C			0x0B6E2E48		Exit this area?				translated				
added_only	/Game/Data/DataTables/LocalText/DT_LocalizeText_Plateau	01A2D1F14D1C7007675CA98BCB7F8061			0xB3544A5B		Weekly Secret Curse				translated				
added_only	/Game/Data/DataTables/LocalText/DT_LocalizeText_Plateau	3753AFAE44E6B26EB807FB865DB28B6C			0x8D4406D5		Weekly Secret Curse Updated				translated				
added_only	/Game/Data/DataTables/LocalText/DT_LocalizeText_Plateau	3B016A0A4B586CB639F69E9DD5349678			0x0E2BECC6		Interact with objects in the scene to start the challenge				translated				
added_only	/Game/Data/DataTables/LocalText/DT_LocalizeText_Plateau	52A7341E459BFF933F31C3B7C8298F60			0x9E588452		"Waiting for teammates to load <span color=""#ffe398ff"">({0}s)</>..."				translated				
added_only	/Game/Data/DataTables/LocalText/DT_LocalizeText_Plateau	7D3097B547CC2E3CFC7977BF1478B7F2			0xBD777089		Teammates Loaded ({0}/{1})				translated				
added_only	/Game/Data/DataTables/LocalText/DT_LocalizeText_Plateau	8B067CC44ED349F67F1C9BA32347EE4E			0xA30B34B9		This week's Secret Curse will take effect in all weekly gameplay modes.				translated				
added_only	/Game/Data/DataTables/LocalText/DT_LocalizeText_Plateau	8E01E0274B914E673203EA886E70EDAE			0xF6ABB302		Today's Stage				translated				
added_only	/Game/Data/DataTables/LocalText/DT_LocalizeText_Plateau	92A862A540A2C0E3285899A1950D9AC4			0x35CD3273		Today				translated				
added_only	/Game/Data/DataTables/LocalText/DT_LocalizeText_Plateau	98920EE84797B4BDA7E644AA67052F7C			0x492012DB		Reach a Perfect rating to unlock this floor's weekly chest reward!				translated				
added_only	/Game/Data/DataTables/LocalText/DT_LocalizeText_Plateau	D46D6F384AEDD0E23FD19D80CDECF24A			0x321D7E23		Interact with objects in the scene to start the challenge or continue waiting				translated				
added_only	/Game/Data/DataTables/LocalText/DT_LocalizeText_Plateau	DAA81A0F43C4B305945E53AF417068B9			0x10CD839B		This Week				translated				
source_hash_replaced_same_key	/Game/Data/DataTables/LocalText/DT_LocalizeText_PlayPointGuideInfo	E857757A4FD2E8C866CD83AA652B6430		0x10D4DDB2	0x28C3F787	"<span color=""#ffe398"">Dreamwalk Odyssey</>
Dreamwalk Odyssey has 3 levels. To unlock the next level, clear the previous one and meet the World Level requirement.

<span color=""#ffe398"">Random Challenges</><span color=""#ffe398""></>
Each run features one challenge from Three-school Showdown, Starlight Exploration, Festive Fire Opera, and Saepes Shadows. It changes when you complete it or automatically at 4:00 AM daily.

<span color=""#ffe398"">Free Chest</>
The first chest you open each day in Dreamwalk Odyssey doesn't consume Vitality. This free chest resets at 4:00 AM daily."	"<span color=""#ffe398"">Dreamland Chronicles</>
     Dreamland Chronicles consists of 12 floors. To unlock floors 1-4 of Floating Life, you must reach the corresponding Yuan Flow level and Wave Flow Realm, and clear the previous floor. For Floating Life 5 and Transcendence 1-6, you must reach Wave Flow Realm 7 and achieve a Perfect rating on the previous floor.

<span color=""#ffe398"">Random Rules</>
     Weekly Secret Spells reset every Monday. The difficulty of these spells varies based on the challenge difficulty. The dungeon and its corresponding Secret Spell are randomized daily.
 
<span color=""#ffe398"">Random Range</>
     Three Academies Clash, Stargazing Anomalies, Festive Fire Dance, Woodland Shadows.

<span color=""#ffe398"">Stamina-Free Rules</>
     You get one free challenge attempt for Dreamland Chronicles daily. If successful, opening the reward chest will not consume Flowing Dew. This count refreshes at 4:00 AM daily.

<span color=""#ffe398"">Daily Reward Rules</>
     Complete any Dreamland level (any rating) to receive full daily rewards. Daily rewards for Transcendence 1-6 are identical.

<span color=""#ffe398"">Weekly Reward Rules</>
     Weekly rewards are settled at 4:00 AM every Monday based on the highest floor cleared with a Perfect rating during the previous week."			translated	translated				
added_only	/Game/Data/DataTables/Mall/MallDisplay/DT_MallDisplayPartRecommendUI	5E5E62284CC80DD33673F0A6DE2C7017			0xBF687301		Recommendation Page - Celadon Rain Outfit - Poster				translated				
source_hash_replaced_same_key	/Game/Data/DataTables/Map/DT_MapIBWMonsterInfo	8F2FA47D4AC73F01EB222E9B1634068F		0x036D160D	0xF191334E	Thunder rumbles in the wilderness; the giant horns rise high, summoning the lightning.	Its roar is like thunder, its movement like a storm. The Thunder-Bull, which once galloped across the vast plains, harbors lightning within its massive horns.			translated	translated				
added_only	/Game/Data/DataTables/Plateau/PlateauBuff/DT_MySteriousLandBuff	010439BB4F4EEEE3AAD472B914E88287			0x11996521		When in bear or human form, it summons Nightmare Butterflies to grab a player and fly toward the Nightmare Rift. Teammates must shoot down the butterflies in time; otherwise, falling into the rift will trigger a devastating explosion.				translated				
added_only	/Game/Data/DataTables/Plateau/PlateauBuff/DT_MySteriousLandBuff	02A6B3214C42EEA04C251D9C69F4072B			0x60C46B62		The Wanshu Hammer releases three consecutive full-screen shockwaves. Before each release, it teleports to the edge of the arena, with each shockwave facing a different direction.				translated				
added_only	/Game/Data/DataTables/Plateau/PlateauBuff/DT_MySteriousLandBuff	04BE995B457A2A4CD12712AE3F11B2F7			0x18727684		Desperate Fire Shield				translated				
added_only	/Game/Data/DataTables/Plateau/PlateauBuff/DT_MySteriousLandBuff	056C325241AB569210AB33A98764329D			0xC3B12374		Ground-Burrowing Swordsman				translated				
added_only	/Game/Data/DataTables/Plateau/PlateauBuff/DT_MySteriousLandBuff	06CEFFDA4B115A24BCE9BC853E1E3374			0xB910A1F6		The Sky-Slayer Spirit returns to the arena to charge and summon five rotating constellations, while also releasing three layers of expanding ring-shaped area damage. Players must dodge the continuous ground fire while shattering the constellation nodes.				translated				
added_only	/Game/Data/DataTables/Plateau/PlateauBuff/DT_MySteriousLandBuff	0AB8EB9549D0899DF235998757D1829E			0x18B85DC0		Lord Botu				translated				
added_only	/Game/Data/DataTables/Plateau/PlateauBuff/DT_MySteriousLandBuff	0CF26D014C499544A66F6A9CA6D999B3			0x63ED050C		Phantom Charge				translated				
added_only	/Game/Data/DataTables/Plateau/PlateauBuff/DT_MySteriousLandBuff	0E38D8F04E691E22C677D5BEC4393EC9			0x7751D840		Phantom Nightmare				translated				
added_only	/Game/Data/DataTables/Plateau/PlateauBuff/DT_MySteriousLandBuff	144DCF8C4FBD48E26DEFD1AFE14C8BCD			0x0BEBACA4		Sky-Slayer Spirit				translated				
added_only	/Game/Data/DataTables/Plateau/PlateauBuff/DT_MySteriousLandBuff	148E40F743CA68148E3AC5926D5923C9			0x7251DFC3		Armor Rat King				translated				
added_only	/Game/Data/DataTables/Plateau/PlateauBuff/DT_MySteriousLandBuff	155411B04E5A0C3F4B75A7B38DCB6B3F			0xA1FD0670		Damage from ground fire is significantly increased; even brief contact can be fatal.				translated				
added_only	/Game/Data/DataTables/Plateau/PlateauBuff/DT_MySteriousLandBuff	15C2BB3142BDC57120E63091F6CF1B4D			0xB86F6793		The Brutal Tiger's shield durability increases significantly during its charge; the team must focus fire to break it.				translated				
added_only	/Game/Data/DataTables/Plateau/PlateauBuff/DT_MySteriousLandBuff	180DC710407A8F14A8F72792471BBF3B			0x86CD7FCE		Brutal Tiger				translated				
added_only	/Game/Data/DataTables/Plateau/PlateauBuff/DT_MySteriousLandBuff	186E6EE14A9F466CF23726A1F159C5CD			0x13A021A5		After charging, the Brutal Tiger immediately leaps to the center and slams the ground repeatedly, causing a screen-wide shockwave. Only by picking up the dropped Mechanism Shield can you block it; jumping or dodging will not help.				translated				
added_only	/Game/Data/DataTables/Plateau/PlateauBuff/DT_MySteriousLandBuff	18A136BF4AC974DF88E4B389534FD25C			0x86CD7FCE		Brutal Tiger				translated				
added_only	/Game/Data/DataTables/Plateau/PlateauBuff/DT_MySteriousLandBuff	1BC6CB304528C20DB2F6ABAB9C7E9B93			0x0BEBACA4		Sky-Slayer Spirit				translated				
added_only	/Game/Data/DataTables/Plateau/PlateauBuff/DT_MySteriousLandBuff	1C5500E84A22A5A5552A3E868AE031CC			0xF4F8C265		Divine Pattern Scorching Fluff				translated				
added_only	/Game/Data/DataTables/Plateau/PlateauBuff/DT_MySteriousLandBuff	1C6EB0CC43A4EF5F336D37A61A7AF5EA			0xF2336FDA		The Halberd-Slayer Spirit's fire shield remains on the field. Four players must accurately identify and lure their respective clones into the shield while staying spread out to avoid overlapping paths.				translated				
added_only	/Game/Data/DataTables/Plateau/PlateauBuff/DT_MySteriousLandBuff	1CA9703F4127985396A57F82F6C635EE			0x8D181FCA		Each player enters a cooldown after blocking with a shield. Teammates must take turns picking up shields to handle the continuous attacks from random directions.				translated				
added_only	/Game/Data/DataTables/Plateau/PlateauBuff/DT_MySteriousLandBuff	20FACF03474E47A2E5B5D3987A3B43B1			0x7F2D1FA0		Commanding Vine Bind				translated				
added_only	/Game/Data/DataTables/Plateau/PlateauBuff/DT_MySteriousLandBuff	24D86C944A629578C3EE35BF69287CA7			0x1480FE56		After the Darkest Nightmare descends, the location of the Nightmare Light Platform will change randomly, making it hard to predict.				translated				
added_only	/Game/Data/DataTables/Plateau/PlateauBuff/DT_MySteriousLandBuff	292950164BBE5DBDE65E4AB59A234741			0x2DDBEFC0		Radish King				translated				
added_only	/Game/Data/DataTables/Plateau/PlateauBuff/DT_MySteriousLandBuff	2B47915048C29F9176CCE2B819D2557C			0x1B6B6028		Blade-wielding small radishes appear on the sidelines to hunt down unbound players. You must lure their slashes to cut the vines and rescue your teammates.				translated				
added_only	/Game/Data/DataTables/Plateau/PlateauBuff/DT_MySteriousLandBuff	2B5D03214554EE947156ECAD0C6DB253			0xD3CED754		Evil Shield Charge				translated				
added_only	/Game/Data/DataTables/Plateau/PlateauBuff/DT_MySteriousLandBuff	2CF76AD349EADA9954CA7FB3FDF9625C			0xA075CBDE		Heavy Hammer Shock Zone				translated				
added_only	/Game/Data/DataTables/Plateau/PlateauBuff/DT_MySteriousLandBuff	2E424B8A4598D49B92899890899F0885			0x2B459F8C		The Wood Fence King absorbs the life force of nearby small wood fences, expanding rapidly and covering itself in impenetrable thorn armor. Bomb-throwing guards appear on the sidelines; only by picking up their fire bombs and throwing them at the King's armor can its defenses be dismantled. Otherwise, its power will grow with its size until it crushes everything.				translated				
added_only	/Game/Data/DataTables/Plateau/PlateauBuff/DT_MySteriousLandBuff	2F5722684C7E689C20026E8A959A49B9			0x8D5529C7		The Bomb-Thrower's fire bombs explode shortly after landing. Players must pick them up and throw them at the Wooden Fence King within the time limit; otherwise, you will lose the critical window for armor-breaking.				translated				
added_only	/Game/Data/DataTables/Plateau/PlateauBuff/DT_MySteriousLandBuff	34C9EA5E4C7CE2790704ACB1F8BCB506			0x9956E556		Burning Shield Deadline				translated				
added_only	/Game/Data/DataTables/Plateau/PlateauBuff/DT_MySteriousLandBuff	3643B9FA4EBB5A6EA5FC87B09B39C9BA			0xAB70EFB0		Mechanism Support				translated				
added_only	/Game/Data/DataTables/Plateau/PlateauBuff/DT_MySteriousLandBuff	37D91E2A40F46AB49972028E299F7DAD			0xCD3DF364		Ripple Surge				translated				
added_only	/Game/Data/DataTables/Plateau/PlateauBuff/DT_MySteriousLandBuff	39803E5141D52BC274213BB1F77DFAF2			0xFCF8DDC2		Flame Formation				translated				
added_only	/Game/Data/DataTables/Plateau/PlateauBuff/DT_MySteriousLandBuff	3B6A0BB948C725A679ED3A87C4D922FE			0x3C3C2927		The rotation speed of the starlight walls has become extremely fast, and the escape gaps vanish in an instant. The pressure of tracking the Constellation Shadows is greatly increased, posing a massive test to the team's output and coordination.				translated				
added_only	/Game/Data/DataTables/Plateau/PlateauBuff/DT_MySteriousLandBuff	3F85EDF54EF4478156995497DF168887			0xD97BEEA1		The summoned Nightmare Butterflies have significantly increased life force and are harder to defeat quickly.				translated				
added_only	/Game/Data/DataTables/Plateau/PlateauBuff/DT_MySteriousLandBuff	40F921C2406089122B76C1ACC6C15B7E			0x5AEA489F		The cost of holding the Nightmare Light has become heavier, and the rate of Max HP loss has accelerated sharply, forcing the team to complete the relay and escort as quickly as possible.				translated				
added_only	/Game/Data/DataTables/Plateau/PlateauBuff/DT_MySteriousLandBuff	42B1BAB74FEDFF4A8339FA8F748D48AE			0xAD469FE4		Fence King				translated				
added_only	/Game/Data/DataTables/Plateau/PlateauBuff/DT_MySteriousLandBuff	46416CB04B1957B93E6DC584A22BECF7			0x98EC3849		The Brutal Tiger leaps to the center and slams the ground repeatedly, creating spreading shockwaves. Players can jump or dodge to avoid them. Watch out for the final hit, which is a red-light skill.				translated				
added_only	/Game/Data/DataTables/Plateau/PlateauBuff/DT_MySteriousLandBuff	46A90FA54B1BF57117DC63BAE9FBB9EB			0x324C66ED		Darkest Nightmare				translated				
added_only	/Game/Data/DataTables/Plateau/PlateauBuff/DT_MySteriousLandBuff	46D6E7A64EE2802134C14F8D56A73BD8			0x668DF6C5		The Phantom Nightmare cycles between Wolf, Bear, and Human forms, each with unique combat tactics.				translated				
added_only	/Game/Data/DataTables/Plateau/PlateauBuff/DT_MySteriousLandBuff	47C9A06949B183FD275450B7D0FC26F7			0x2DDBEFC0		Radish King				translated				
added_only	/Game/Data/DataTables/Plateau/PlateauBuff/DT_MySteriousLandBuff	485690AF49FF96D09EE00F8AEE2C86B2			0x681EE4CA		Twin Slayers				translated				
added_only	/Game/Data/DataTables/Plateau/PlateauBuff/DT_MySteriousLandBuff	4A1CF7E74DC8C428B3E68887A4DBC538			0x70B916A9		Ancient Bastion				translated				
added_only	/Game/Data/DataTables/Plateau/PlateauBuff/DT_MySteriousLandBuff	4B9F99EC42F8F5024882D4850F4030BD			0xBEAFCF33		The Wood Fence King uses vines to bind all players and summons Wood Fence Spear Guards to charge across the field. You must break free from the vines immediately to avoid the attacks.				translated				
added_only	/Game/Data/DataTables/Plateau/PlateauBuff/DT_MySteriousLandBuff	4BDC066C4562A86F53E4BA86B6D1A434			0x4D6E2199		Vine Binding Execution				translated				
added_only	/Game/Data/DataTables/Plateau/PlateauBuff/DT_MySteriousLandBuff	4C4CD3D740800927A26323AB6D41D8AA			0x92599B4A		The Scorching Fluff's breath turns the entire field into a sea of fire. Friendly wood fences will rise as stone pillars around the arena.				translated				
added_only	/Game/Data/DataTables/Plateau/PlateauBuff/DT_MySteriousLandBuff	4D86471649268A674B9B07AD95B5B0A0			0xFC1AF6A6		Grand Lord Botu summons a deep darkness that consumes everything. The illuminated area around the Nightmare Light Platform protects players from the darkness's continuous erosion. You must find and defeat the two Nightmare Feather Guards emerging from the darkness, seize their Nightmare Light, and successfully escort it to the platform to light it, dispelling the darkness and forcing the boss to reveal itself.				translated				
added_only	/Game/Data/DataTables/Plateau/PlateauBuff/DT_MySteriousLandBuff	4DAC71304DFD9E4DDABF3CA10253F7F5			0x7251DFC3		Armor Rat King				translated				
added_only	/Game/Data/DataTables/Plateau/PlateauBuff/DT_MySteriousLandBuff	4E4EDC844B70EF5704E892B70C49DDCB			0xCA863F67		Rat King Charge				translated				
added_only	/Game/Data/DataTables/Plateau/PlateauBuff/DT_MySteriousLandBuff	4E5BF755485786FC3A9B86A1B6A59DB4			0xC3A30EBB		The number of stone pillars rising on the field has decreased, and they collapse faster. The team must make the most precise movement decisions under extreme time pressure.				translated				
added_only	/Game/Data/DataTables/Plateau/PlateauBuff/DT_MySteriousLandBuff	4F8B31AE492DE537AB0A95BEFC8AEB76			0x18B85DC0		Lord Botu				translated				
added_only	/Game/Data/DataTables/Plateau/PlateauBuff/DT_MySteriousLandBuff	50721C444C2578E112B7E3B56F3CC5D1			0xD2F9B2D9		The player holding the Nightmare Light will continuously lose Max HP. The team must take turns in a relay to escort the light to the destination.				translated				
added_only	/Game/Data/DataTables/Plateau/PlateauBuff/DT_MySteriousLandBuff	526552A94D6A0964A55D1A941CE1101D			0xD7C57EDD		Nightmare Grasp				translated				
added_only	/Game/Data/DataTables/Plateau/PlateauBuff/DT_MySteriousLandBuff	5278567F42AC006B8E3BA09E57C9E887			0x3A6DAB92		Desperate Starfall				translated				
added_only	/Game/Data/DataTables/Plateau/PlateauBuff/DT_MySteriousLandBuff	535BEFAC4BD1315A945CD49E8FC354EB			0xFF4BF16A		Mechanism Shield Charge				translated				
added_only	/Game/Data/DataTables/Plateau/PlateauBuff/DT_MySteriousLandBuff	54DA6CDC42F0F9A8223F5791B780C8D0			0x36DF37A7		Dance of the Covenant				translated				
added_only	/Game/Data/DataTables/Plateau/PlateauBuff/DT_MySteriousLandBuff	57A8D4C340CF24CB945B37AD504F7932			0x73FB5FE3		All stone pillars will rise simultaneously, and each will collapse after bearing pressure for a moment.				translated				
added_only	/Game/Data/DataTables/Plateau/PlateauBuff/DT_MySteriousLandBuff	589B0D4B4A0865B1DE6BBEB5125E3E37			0xAD469FE4		Fence King				translated				
added_only	/Game/Data/DataTables/Plateau/PlateauBuff/DT_MySteriousLandBuff	5BBCEDF6426E605D7293FEA9FE5B54F5			0xAAA17946		Infinite Nightmare Prison				translated				
added_only	/Game/Data/DataTables/Plateau/PlateauBuff/DT_MySteriousLandBuff	5BDC245C4273C74F28BF82986616D78C			0xB82DCA22		Brutal Charge				translated				
added_only	/Game/Data/DataTables/Plateau/PlateauBuff/DT_MySteriousLandBuff	5D5B4D9741C7532FC7C273AA1259881E			0xF3FDDA81		Nut Lure				translated				
added_only	/Game/Data/DataTables/Plateau/PlateauBuff/DT_MySteriousLandBuff	5E5B586641534CFD995FA3B7B55C4106			0x7751D840		Phantom Nightmare				translated				
added_only	/Game/Data/DataTables/Plateau/PlateauBuff/DT_MySteriousLandBuff	5ED5155C48895F7D23BD6E9ADFF4530B			0x10E3A140		When leaping to the center of the arena, the Radish King pre-plants multiple explosive radish traps. If a dragged player passes through a trap, it triggers an area explosion and leaves behind scorched earth.				translated				
added_only	/Game/Data/DataTables/Plateau/PlateauBuff/DT_MySteriousLandBuff	61C57D5A4939FA41747CEDBD71D15382			0xF9EDB7C3		All four phantom charges from the Blade-Slayer Spirit must be lured into the Halberd-Slayer Spirit's fire shield. Any mistake will result in a failed shield break, putting the team's precision and coordination to the ultimate test.				translated				
added_only	/Game/Data/DataTables/Plateau/PlateauBuff/DT_MySteriousLandBuff	641F7A8B4576C8F3FFCA0A8208454FBB			0x36416FF0		Tri-Phase Illusion				translated				
added_only	/Game/Data/DataTables/Plateau/PlateauBuff/DT_MySteriousLandBuff	677878D549AE65929EDC4F9D6D1DA421			0xFAD5FE62		The blade-wielding small radishes are more aggressive. The team must precisely lure them to cut the vines while avoiding traps and fire zones. Any mistake could lead to casualties.				translated				
added_only	/Game/Data/DataTables/Plateau/PlateauBuff/DT_MySteriousLandBuff	67D1369E42AA798E914559B5F7ACE401			0x681EE4CA		Twin Slayers				translated				
added_only	/Game/Data/DataTables/Plateau/PlateauBuff/DT_MySteriousLandBuff	6AFED2514C473D8A830A95938775302D			0x86CD7FCE		Brutal Tiger				translated				
added_only	/Game/Data/DataTables/Plateau/PlateauBuff/DT_MySteriousLandBuff	6B5E0FC14D4B0B7EFB332E91EDA4556C			0xE138DA2C		Shield Synergy				translated				
added_only	/Game/Data/DataTables/Plateau/PlateauBuff/DT_MySteriousLandBuff	6C3311BA4431065763C365B9F7350FBE			0xE565E2F8		Rescued players must guide the inactive Self-Destruct Radishes on the field to ram into the Radish King, or lure it into the burning ground left behind. Only through continuous burning can its armor be dismantled; otherwise, it will remain.				translated				
added_only	/Game/Data/DataTables/Plateau/PlateauBuff/DT_MySteriousLandBuff	71E715454639E51D1612BBB9DADE0B70			0xAEB70AEA		The Radish King leaps to the center of the field, knocking back all players. It then blows its horn, binding three players with vines and dragging them toward itself. Players pulled to the Radish King will suffer a fatal slash.				translated				
added_only	/Game/Data/DataTables/Plateau/PlateauBuff/DT_MySteriousLandBuff	71F604A24A79CD7E8F742CBA68836220			0x7FF7F4A5		Flame Pillar Dance				translated				
added_only	/Game/Data/DataTables/Plateau/PlateauBuff/DT_MySteriousLandBuff	7452AE5344AE3AA9A464BABC6B32C223			0xE55433F6		Nightmare Light Corrosion				translated				
added_only	/Game/Data/DataTables/Plateau/PlateauBuff/DT_MySteriousLandBuff	76E665FE4DC8F562233EC78BE1D7B573			0x86CD7FCE		Brutal Tiger				translated				
added_only	/Game/Data/DataTables/Plateau/PlateauBuff/DT_MySteriousLandBuff	775F704E49311C52F793D8BCF301851A			0x93A5245A		The Small Armored Rat's HP is significantly increased, requiring higher firepower to clear quickly. Meanwhile, the lure range of the nuts shrinks extremely fast. The coordination between the nut-bearer and the vine-pulling teammate must be millisecond-perfect; any delay could lead to a failed trap and a lost granary.				translated				
added_only	/Game/Data/DataTables/Plateau/PlateauBuff/DT_MySteriousLandBuff	77FFE9BB4DA69F669CD291B00B49BF86			0x2DDBEFC0		Radish King				translated				
added_only	/Game/Data/DataTables/Plateau/PlateauBuff/DT_MySteriousLandBuff	785C59C7473C60858C23B6BC3D6CF8B7			0x56CD86D8		The Calamity Meteor that appears now is empowered by the Source of Calamity, significantly increasing its stability. Players must unleash stronger attacks to shatter it.				translated				
added_only	/Game/Data/DataTables/Plateau/PlateauBuff/DT_MySteriousLandBuff	788F3E994AF924C482038B9F138693D7			0x7251DFC3		Armor Rat King				translated				
added_only	/Game/Data/DataTables/Plateau/PlateauBuff/DT_MySteriousLandBuff	7A0626A54AA38C9EA746EF93443D3231			0x0BEBACA4		Sky-Slayer Spirit				translated				
added_only	/Game/Data/DataTables/Plateau/PlateauBuff/DT_MySteriousLandBuff	7B50CB83482A93E3F16C4585E28866A4			0xC26D89D4		When giant-sized, it spawns explosive wooden fences at each player's feet. Move away immediately.				translated				
added_only	/Game/Data/DataTables/Plateau/PlateauBuff/DT_MySteriousLandBuff	810DDDE841D27AAB0EB5419CE8661982			0xAD469FE4		Fence King				translated				
added_only	/Game/Data/DataTables/Plateau/PlateauBuff/DT_MySteriousLandBuff	825B82E346A1E3020CCA5188EF0088D2			0xC8133D8E		Furious Absorption				translated				
added_only	/Game/Data/DataTables/Plateau/PlateauBuff/DT_MySteriousLandBuff	8A1BD8134718FC1B95DCA387C7D5097B			0x2A5301B2		While dragging a teammate, the Radish King generates sturdy thorn armor. While the blade-wielding small radishes can cut the vines, they cannot break the armor.				translated				
added_only	/Game/Data/DataTables/Plateau/PlateauBuff/DT_MySteriousLandBuff	8E8E98A74C29C3D9F9248196DCFD0D09			0x102911AA		Seed Burst Encirclement				translated				
added_only	/Game/Data/DataTables/Plateau/PlateauBuff/DT_MySteriousLandBuff	91048735444BCEEBF66D9BAD89D960FE			0x681EE4CA		Twin Slayers				translated				
added_only	/Game/Data/DataTables/Plateau/PlateauBuff/DT_MySteriousLandBuff	91D302A0408DA91488505FA64196C338			0x93557F50		Desperate Food Guard				translated				
added_only	/Game/Data/DataTables/Plateau/PlateauBuff/DT_MySteriousLandBuff	92A8017E4BB0B205EA52ABB863B2FE54			0x60F9E6C9		Desperate Pillar Dance				translated				
added_only	/Game/Data/DataTables/Plateau/PlateauBuff/DT_MySteriousLandBuff	92ECBCFD4DAF1A875C10E489CCDDD7AF			0x3B524EA3		When the Phantom Nightmare changes forms, the number of nightmare rifts on the field increases, putting more pressure on teammates to rescue. Meanwhile, the Nightmare Butterflies that abduct players become much weaker and more fragile.				translated				
added_only	/Game/Data/DataTables/Plateau/PlateauBuff/DT_MySteriousLandBuff	93591D4A4088D6473C4130A4BB3480D0			0x1BF071F0		In the second phase, the walls rotate faster, and the Sky-Slayer Spirit locks onto each player, spawning three tracking energy orbs that persist in pursuit, severely hindering movement. The team must dodge the energy orbs while finding gaps in the walls to shatter the hidden Constellation Shadows.				translated				
added_only	/Game/Data/DataTables/Plateau/PlateauBuff/DT_MySteriousLandBuff	937CD22241AB2914169DB29F943580DA			0x459734F0		Star-Shattering Soul Pursuit				translated				
added_only	/Game/Data/DataTables/Plateau/PlateauBuff/DT_MySteriousLandBuff	93FC26274BECD6147FEDD28BCCEEB7DA			0x316654CB		Fire Shield Bash				translated				
added_only	/Game/Data/DataTables/Plateau/PlateauBuff/DT_MySteriousLandBuff	9450187B4CFC68DB67D7B2B2C41030A3			0x0793C0EE		The team must move in unison and transfer sequentially, efficiently utilizing every stone pillar within the limited time. Any member lagging behind may disrupt the rhythm and lead to casualties.				translated				
added_only	/Game/Data/DataTables/Plateau/PlateauBuff/DT_MySteriousLandBuff	980D410C48ADE119F5AA35B440C2B193			0x0BEBACA4		Sky-Slayer Spirit				translated				
added_only	/Game/Data/DataTables/Plateau/PlateauBuff/DT_MySteriousLandBuff	987937774F981B4485013BA0CFBACE4C			0x47F5D02B		Ground-Shaking Thunder				translated				
added_only	/Game/Data/DataTables/Plateau/PlateauBuff/DT_MySteriousLandBuff	9A239FDF4EA02050A16D23AB538934EC			0x48A9350E		The Sky-Slayer Spirit returns to the center to channel star power, summoning five constellations that rotate around it. Players must quickly shatter all star nodes to interrupt the chant. Success causes the spirit to dissipate; failure results in a full-screen Starfall attack.				translated				
added_only	/Game/Data/DataTables/Plateau/PlateauBuff/DT_MySteriousLandBuff	9E99D2E74288F6D90D443C9188AC2AAC			0xAE81EF92		When the Brutal Tiger charges with its shield, the shield has its own durability. Players must focus fire to break it, or the final unavoidable red-light charge will deal devastating damage.				translated				
added_only	/Game/Data/DataTables/Plateau/PlateauBuff/DT_MySteriousLandBuff	9EF56AC04347F41E718B259262DAB061			0x0DEE3E19		Seed Burst Ambush				translated				
added_only	/Game/Data/DataTables/Plateau/PlateauBuff/DT_MySteriousLandBuff	A09301494FF3DD5472A184B289B670C0			0x7751D840		Phantom Nightmare				translated				
added_only	/Game/Data/DataTables/Plateau/PlateauBuff/DT_MySteriousLandBuff	A5989E4E444B43B32C20CEB61A36A588			0xF4F8C265		Divine Pattern Scorching Fluff				translated				
added_only	/Game/Data/DataTables/Plateau/PlateauBuff/DT_MySteriousLandBuff	A62072694605AE9EB72C67967FFDD8C7			0x7751D840		Phantom Nightmare				translated				
added_only	/Game/Data/DataTables/Plateau/PlateauBuff/DT_MySteriousLandBuff	A7A07C9A4C5E5CC7C4FA5693E86BEDCD			0xAD469FE4		Fence King				translated				
added_only	/Game/Data/DataTables/Plateau/PlateauBuff/DT_MySteriousLandBuff	A8304A814E3331CD3908C19C195E6B9F			0x445434FD		Heavenly Barrier Shuttle				translated				
added_only	/Game/Data/DataTables/Plateau/PlateauBuff/DT_MySteriousLandBuff	AC15B69D4A9EFC29AD5E98B4495245E7			0x5C0F3214		Star Vortex Strike				translated				
added_only	/Game/Data/DataTables/Plateau/PlateauBuff/DT_MySteriousLandBuff	AE576D0F43C39077E5B9DDAF36EAB5E5			0x0BEBACA4		Sky-Slayer Spirit				translated				
added_only	/Game/Data/DataTables/Plateau/PlateauBuff/DT_MySteriousLandBuff	AEC3D7794613A304222154A635E30AFE			0x0FA6F3A1		In addition to the original mechanics, an Elite Armor Rat appears, charging along a fixed route. If the nut-carrier is hit, the nut is dropped. A player must be assigned to intercept the elite and clear the rolling small rats, or the formation will easily be disrupted.				translated				
added_only	/Game/Data/DataTables/Plateau/PlateauBuff/DT_MySteriousLandBuff	B0059DD841530CA2F168B487599832D9			0xA77C1408		Megadrive Hammer				translated				
added_only	/Game/Data/DataTables/Plateau/PlateauBuff/DT_MySteriousLandBuff	B08DA41D42B05EC3C551C89701D76CDC			0xF8C2BB36		Spirit-Absorbing Gigantism				translated				
added_only	/Game/Data/DataTables/Plateau/PlateauBuff/DT_MySteriousLandBuff	B376FD9B4264A9653A15D58E5DF44FDE			0xCE25F464		Cosmic Vortex Storm				translated				
added_only	/Game/Data/DataTables/Plateau/PlateauBuff/DT_MySteriousLandBuff	B3830F41478EE30AE89F5294EA668BB9			0x7751D840		Phantom Nightmare				translated				
added_only	/Game/Data/DataTables/Plateau/PlateauBuff/DT_MySteriousLandBuff	B91208C74204824EDB3507A439AC695A			0xF4F8C265		Divine Pattern Scorching Fluff				translated				
added_only	/Game/Data/DataTables/Plateau/PlateauBuff/DT_MySteriousLandBuff	B9F37A044E474CBDD9CAF4A6BDF8AD1E			0xC9C66559		Crimson Flame Field				translated				
added_only	/Game/Data/DataTables/Plateau/PlateauBuff/DT_MySteriousLandBuff	BA5A7464485F6BDF18B1B49B4CE08BD6			0x18B85DC0		Lord Botu				translated				
added_only	/Game/Data/DataTables/Plateau/PlateauBuff/DT_MySteriousLandBuff	BAA0843D41CE8622B40ECDA78D3AA490			0x0922AC01		Stubborn Plant Protection				translated				
added_only	/Game/Data/DataTables/Plateau/PlateauBuff/DT_MySteriousLandBuff	BB3B2F5E410118EA02AB15862CB7E8DD			0x3636D4EB		The Wood Fence King's attack power spikes during its giant form. The team must efficiently intercept and throw fire bombs; any delay will cause the survival space to shrink rapidly.				translated				
added_only	/Game/Data/DataTables/Plateau/PlateauBuff/DT_MySteriousLandBuff	BC4AB531490ECA80DA77ADBB47639951			0x681EE4CA		Twin Slayers				translated				
added_only	/Game/Data/DataTables/Plateau/PlateauBuff/DT_MySteriousLandBuff	BD0F7CF14EA72F6AA5AC21877B7F8D58			0x2DDBEFC0		Radish King				translated				
added_only	/Game/Data/DataTables/Plateau/PlateauBuff/DT_MySteriousLandBuff	BFA5C84846BD1162E50875A4EBBEF4FA			0x83088F76		After charging, the Wanshu Hammer releases a full-screen shockwave. One player must quickly pick up a mechanical shield dropped on the field to block the attack, while other players must stay close behind the shield-bearer to avoid damage. The shockwave will erupt twice in succession; adjust your positioning accordingly.				translated				
added_only	/Game/Data/DataTables/Plateau/PlateauBuff/DT_MySteriousLandBuff	C00AD92D4DA4E66E2C5727B2D136240A			0xAAB01A08		The thorn armor covering the Wood Fence King's torso has become exceptionally tough, requiring more fire bombs to break.				translated				
added_only	/Game/Data/DataTables/Plateau/PlateauBuff/DT_MySteriousLandBuff	C1DB8AC7415586F7048080AD569ACBAB			0x077BB2E0		Desperate Support				translated				
added_only	/Game/Data/DataTables/Plateau/PlateauBuff/DT_MySteriousLandBuff	C2BE9769420DBAC2C66E278CBCD27C5E			0xE812B6FC		Sinister Dark Domain				translated				
added_only	/Game/Data/DataTables/Plateau/PlateauBuff/DT_MySteriousLandBuff	CD9C94BF466441F993C3A0B38153D456			0x628EF43D		Obsession Blessing				translated				
added_only	/Game/Data/DataTables/Plateau/PlateauBuff/DT_MySteriousLandBuff	CF1AFB084821E47F0152AFAC0EC14998			0x926E73A0		Triple Shockwave				translated				
added_only	/Game/Data/DataTables/Plateau/PlateauBuff/DT_MySteriousLandBuff	D13DB0FD491D8122DF814985E82FA344			0xD8D1EBD1		The Sky-Slayer Spirit summons five hidden Constellation Shadows and drives four rotating starlight walls. The walls have gaps for escape; players must flexibly weave through these gaps to find and shatter all hidden Constellation Shadows.				translated				
added_only	/Game/Data/DataTables/Plateau/PlateauBuff/DT_MySteriousLandBuff	D4C5C14E42B31B6B9BD937B5D2006253			0x07B35352		Ground-Shaking Impact				translated				
added_only	/Game/Data/DataTables/Plateau/PlateauBuff/DT_MySteriousLandBuff	D6EA112546C9E101C2AFCA9B3943084C			0xF4F8C265		Divine Pattern Scorching Fluff				translated				
added_only	/Game/Data/DataTables/Plateau/PlateauBuff/DT_MySteriousLandBuff	D808FC6D4129978FD435A3BA6C900694			0x618D8323		Nightmare Ripples overflowing from the Nightmare Rift are spreading at an accelerated rate, rapidly eroding the already limited survival space.				translated				
added_only	/Game/Data/DataTables/Plateau/PlateauBuff/DT_MySteriousLandBuff	D80BA1E840F13FF4BDB5229172008845			0x1E3790B5		The Blade-Slayer Spirit locks onto a player to charge, while the Halberd-Slayer Spirit activates a fire shield in the center of the arena. Players must lure the Blade-Slayer Spirit into crashing into the fire shield three times to break it; otherwise, the team will suffer massive full-screen damage.				translated				
added_only	/Game/Data/DataTables/Plateau/PlateauBuff/DT_MySteriousLandBuff	D818E20C4BF1B014DD854699DC56BF26			0xE9C9E6C5		The Armor Rat King summons multiple small armored rats to roll around and cause chaos. One carries a special nut; defeating it leaves the nut on the field. The King then pulls all players in and binds two with Resonance Vines (the bound are silenced and will be pulled back if they get too far apart). Other teammates must pick up the nut to lure the King into charging. The two connected by vines must pull in opposite directions to create a tripwire to trip the giant rat during its charge.				translated				
added_only	/Game/Data/DataTables/Plateau/PlateauBuff/DT_MySteriousLandBuff	D8781D0649F702157C3EA6AFC41E6625			0x0DEA3E99		The Brutal Tiger raises its shield and locks onto a player for continuous charges. The target must adjust their position to avoid hitting teammates, while others can attack the Tiger's back. The final charge is a red-light skill that must be dodged.				translated				
added_only	/Game/Data/DataTables/Plateau/PlateauBuff/DT_MySteriousLandBuff	DBF5C26F4065D5FC23543B8FDD4D84EF			0x2DDBEFC0		Radish King				translated				
added_only	/Game/Data/DataTables/Plateau/PlateauBuff/DT_MySteriousLandBuff	E38646A048697C3DC69C778B438803B1			0x0BEBACA4		Sky-Slayer Spirit				translated				
added_only	/Game/Data/DataTables/Plateau/PlateauBuff/DT_MySteriousLandBuff	E6BF0A574CD3E7D70C2AF5B5574CBB90			0x86CD7FCE		Brutal Tiger				translated				
added_only	/Game/Data/DataTables/Plateau/PlateauBuff/DT_MySteriousLandBuff	E71C230C4D34CDDD9BD614B8DDAEF1DC			0xA77C1408		Megadrive Hammer				translated				
added_only	/Game/Data/DataTables/Plateau/PlateauBuff/DT_MySteriousLandBuff	E753B1D8492E12408D2944B3AC9BAC5C			0x129F0657		Players must jump onto the stone pillars in time to avoid the ground flames. After the fire breath ends, the Scorching Fluff will enter an exhausted state—this is the best time to unleash full damage.				translated				
added_only	/Game/Data/DataTables/Plateau/PlateauBuff/DT_MySteriousLandBuff	EC7BEEA94B55B25F28C55CA581BA20C1			0xC4CAC6AB		Before the Wanshu Hammer launches its full-screen attack, it summons two mechanical minions. One will attempt to grab the shield on the field. The team must prioritize focusing fire on the shield-bearing minion to reclaim the shield; otherwise, you will be unable to block the subsequent devastating full-screen attack.				translated				
added_only	/Game/Data/DataTables/Plateau/PlateauBuff/DT_MySteriousLandBuff	EEBBD9794E8E607C189AD587C63757AA			0x6943D7EA		Precision Guidance				translated				
added_only	/Game/Data/DataTables/Plateau/PlateauBuff/DT_MySteriousLandBuff	EEC03B0740A9DB4BF79B249F94420235			0xF4F8C265		Divine Pattern Scorching Fluff				translated				
added_only	/Game/Data/DataTables/Plateau/PlateauBuff/DT_MySteriousLandBuff	EF49326548DA79BA6A9BD897C39E7F2B			0xA77C1408		Megadrive Hammer				translated				
added_only	/Game/Data/DataTables/Plateau/PlateauBuff/DT_MySteriousLandBuff	EF5FF5B1467151CCDC9B639EE0FFCE90			0x07EA384B		Star Ring Burst				translated				
added_only	/Game/Data/DataTables/Plateau/PlateauBuff/DT_MySteriousLandBuff	EF66BD2D441D9FD2E8171D9502B2277B			0x18B85DC0		Lord Botu				translated				
added_only	/Game/Data/DataTables/Plateau/PlateauBuff/DT_MySteriousLandBuff	EF98DF5F446B99DB06E73DA68C9C0497			0xAD469FE4		Fence King				translated				
added_only	/Game/Data/DataTables/Plateau/PlateauBuff/DT_MySteriousLandBuff	F052DE274BD7C934852004A75F7885AC			0xF4F8C265		Divine Pattern Scorching Fluff				translated				
added_only	/Game/Data/DataTables/Plateau/PlateauBuff/DT_MySteriousLandBuff	F1745FD44C582FA6D7FE1C98BA28AA9D			0x18B85DC0		Lord Botu				translated				
added_only	/Game/Data/DataTables/Plateau/PlateauBuff/DT_MySteriousLandBuff	F3515647462C24E831CD02976EF8DC9C			0x28A07155		Burning Ground Inferno				translated				
added_only	/Game/Data/DataTables/Plateau/PlateauBuff/DT_MySteriousLandBuff	F4AE63C847CEB64FE3F726A26F520B68			0x184E4E1D		The Blade-Slayer Spirit splits into four phantom clones that lock onto different players for a charge.				translated				
added_only	/Game/Data/DataTables/Plateau/PlateauBuff/DT_MySteriousLandBuff	F77CA53C4B5625CF302F618970D1E137			0x69412330		Players suffer significantly increased erosion from the Darkest Nightmare, and healing effects are greatly suppressed.				translated				
added_only	/Game/Data/DataTables/Plateau/PlateauBuff/DT_MySteriousLandBuff	F836BC7A4A0C3574B5D4A2AA471A48A3			0x29725DA7		Nightmare Light Burning Body				translated				
added_only	/Game/Data/DataTables/Plateau/PlateauBuff/DT_MySteriousLandBuff	F9FFB0174AC77DD4472E65A09B871A62			0xE8B3BB37		Scorched Earth Barrier Break				translated				
added_only	/Game/Data/DataTables/Plateau/PlateauBuff/DT_MySteriousLandBuff	FB6CDA81436BC18D499600B639DC197C			0xA77C1408		Megadrive Hammer				translated				
added_only	/Game/Data/DataTables/Plateau/PlateauBuff/DT_MySteriousLandBuff	FBB111C44E82BD85E190549FA2E10B5F			0x2DDBEFC0		Radish King				translated				
added_only	/Game/Data/DataTables/Plateau/PlateauBuff/DT_MySteriousLandBuff	FBF490A745DDB48B17650C8581D7E93A			0xAEDB5134		Rift Proliferation				translated				
added_only	/Game/Data/DataTables/Plateau/PlateauBuff/DT_MySteriousLandBuff	FC66BFC340F490DBDEFE71A798A5DCB9			0xAD469FE4		Fence King				translated				
added_only	/Game/Data/DataTables/Plateau/PlateauDifficulty/DT_PlateauMystriousLand_Difficulty	210FD90343D8FBB08C67E7B8B664F1E1			0xFFE6388E		Floating Life IV				translated				
added_only	/Game/Data/DataTables/Plateau/PlateauDifficulty/DT_PlateauMystriousLand_Difficulty	2907DBE4422C70DF83FBFD99BE16DA52			0xC9A9849D		Transcendent III				translated				
added_only	/Game/Data/DataTables/Plateau/PlateauDifficulty/DT_PlateauMystriousLand_Difficulty	3659445D4FCD7BE3C4AB4397C58579DD			0x1C86F4DE		Floating Life I				translated				
source_hash_replaced_same_key	/Game/Data/DataTables/Plateau/PlateauDifficulty/DT_PlateauMystriousLand_Difficulty	3BDAEFC64FAE4B1E462D68AC4A85D3E7		0x8E1B964E	0x6A970084	Floor 11	Transcendent VI			translated	translated				
added_only	/Game/Data/DataTables/Plateau/PlateauDifficulty/DT_PlateauMystriousLand_Difficulty	5F3E6C7C4397195EABC4409FC2070F11			0x618EBB54		Floating Life III				translated				
added_only	/Game/Data/DataTables/Plateau/PlateauDifficulty/DT_PlateauMystriousLand_Difficulty	65AE7A4A4413B142EE4D8D86F9D6CED8			0xB4A1CB17		Transcendent I				translated				
added_only	/Game/Data/DataTables/Plateau/PlateauDifficulty/DT_PlateauMystriousLand_Difficulty	7FD8D6EE41B41947B09D98BF7C80E78C			0xBB09FD5D		Floating Life II				translated				
added_only	/Game/Data/DataTables/Plateau/PlateauDifficulty/DT_PlateauMystriousLand_Difficulty	92ECA81046F0FFA108D033A0887D3B45			0x2EA4822D		Floating Life V				translated				
source_hash_replaced_same_key	/Game/Data/DataTables/Plateau/PlateauDifficulty/DT_PlateauMystriousLand_Difficulty	B8761B66499D11AC05C64EAE0F6C2DAC		0x35412AF0	0x57C10747	Floor 9	Transcendent IV			translated	translated				
source_hash_replaced_same_key	/Game/Data/DataTables/Plateau/PlateauDifficulty/DT_PlateauMystriousLand_Difficulty	BB82A3EE4A9D3DF4C80FB7895EF7B8E9		0x185CF39A	0x8683BDE4	Floor 10	Transcendent V			translated	translated				
source_hash_replaced_same_key	/Game/Data/DataTables/Plateau/PlateauDifficulty/DT_PlateauMystriousLand_Difficulty	C8770E4044461E3CF52AC1BECA32063E		0x8A8F06DB	0xA61464F9	Floor 12	Transcendent VII			translated	translated				
added_only	/Game/Data/DataTables/Plateau/PlateauDifficulty/DT_PlateauMystriousLand_Difficulty	E59D1ACC46B624D90806D995D97E75B4			0x132EC294		Transcendent II				translated				
added_only	/Game/Data/DataTables/PlayerPet/DT_PlayerPetDispatchSkill	33F757894A4FC6BEB5C7DF907F86D6CC			0xD4A4ED53		When dispatched to the Colorful Cloud Basin, gain 2 additional Wave-Boat Fruits.				translated				
added_only	/Game/Data/DataTables/QuestTable/DT_QuestSequenceReplay	022AABE646B9E65A461669853351D58F			0xA9532DCC		A Blade in Twilight				translated				
added_only	/Game/Data/DataTables/QuestTable/DT_QuestSequenceReplay	03F9C97341B549D9E43C2186E30245E8			0x1FCEACB6		Fall of Jixia				translated				
added_only	/Game/Data/DataTables/QuestTable/DT_QuestSequenceReplay	05A56F59423CE1DCADA509A54495BC52			0x03CA9473		Apocalypse				translated				
added_only	/Game/Data/DataTables/QuestTable/DT_QuestSequenceReplay	0D74B6B24C513B25F4AF1D8768F92297			0x15A42E65		Dream Crisis				translated				
added_only	/Game/Data/DataTables/QuestTable/DT_QuestSequenceReplay	14998DA545CEEADFAE65EF923EE06F0A			0x3DC68545		Farewell in the Cave				translated				
added_only	/Game/Data/DataTables/QuestTable/DT_QuestSequenceReplay	161D86BF4089A668D8CECE99041A7E80			0x0F372DA3		Jixia				translated				
added_only	/Game/Data/DataTables/QuestTable/DT_QuestSequenceReplay	1A96056746FC2E3DCDCABFB6AE5B5BC1			0x6C67D973		Dance of the Sacrificial Fish				translated				
added_only	/Game/Data/DataTables/QuestTable/DT_QuestSequenceReplay	2148B39E461ABE56196C79966050A52E			0x0F372DA3		Jixia				translated				
added_only	/Game/Data/DataTables/QuestTable/DT_QuestSequenceReplay	2235F88F499B085E38A75A8B86B91410			0x0F372DA3		Jixia				translated				
added_only	/Game/Data/DataTables/QuestTable/DT_QuestSequenceReplay	2347D04C422A267C757E71AE2F4CAC80			0x00A2B454		Everything began with the War of God's Fall. Nuwa and Dijun clashed over the Miracle, leading to the fall of all gods. Before she vanished, Nuwa left behind prophecies and hopes for the future.				translated				
added_only	/Game/Data/DataTables/QuestTable/DT_QuestSequenceReplay	24E555434526A2DECEDFEE9371D82892			0xBEC3E50C		Three Pave the Way				translated				
added_only	/Game/Data/DataTables/QuestTable/DT_QuestSequenceReplay	25EDABB5481DF7B91298E1B1C6262160			0xE249C734		On the battlefield of ruin, heroes stand with you to launch a fierce assault against the powerful enemy.				translated				
added_only	/Game/Data/DataTables/QuestTable/DT_QuestSequenceReplay	351ED2B94FA61DA113DA6DA8B8B975A5			0xDBEAB163		As everyone was fighting, Qiansi leaped down from above. The power of the Divine Mark erupted from his body, strengthening his original shell and forming even more violent and powerful strength.				translated				
added_only	/Game/Data/DataTables/QuestTable/DT_QuestSequenceReplay	36C665A342CC8F0038BF0885A0E97F8B			0xF56F1866		A Close Call				translated				
added_only	/Game/Data/DataTables/QuestTable/DT_QuestSequenceReplay	3ED7EC054C26048F268224B5B1B8141A			0xE9394515		"Mulan battles the ""Heartless,"" only to be shocked by the very scar that once saved her. Aunt Li tearfully reveals the truth: ""I was bitten while trying to save you..."""				translated				
added_only	/Game/Data/DataTables/QuestTable/DT_QuestSequenceReplay	4416E2E74BD734FCDA9543883CC03714			0x35D3A69E		This Moment				translated				
added_only	/Game/Data/DataTables/QuestTable/DT_QuestSequenceReplay	465165E7481AAC5E00CFA7B2277BCC43			0xFEBE0875		Mulan offers her sword as a sacrifice, performing the 'Blade Tempers the Setting Sun, Returning Geese Never Depart' stance. Entrusting her grief to the heroic spirits, only history and her departing silhouette remain where the purple light fades.				translated				
added_only	/Game/Data/DataTables/QuestTable/DT_QuestSequenceReplay	469D44D545A227E80AFF9599E33CC38A			0x44352EA9		Mulan's Arrival				translated				
added_only	/Game/Data/DataTables/QuestTable/DT_QuestSequenceReplay	47C1F12443A38286F3A1EE8C77DCDCEE			0x0F372DA3		Jixia				translated				
added_only	/Game/Data/DataTables/QuestTable/DT_QuestSequenceReplay	496EA63F4321E6E166FBA199E3531A5E			0x1FCEACB6		Fall of Jixia				translated				
added_only	/Game/Data/DataTables/QuestTable/DT_QuestSequenceReplay	4BA68E9945024D551F5FFD84981BFB02			0x0F372DA3		Jixia				translated				
added_only	/Game/Data/DataTables/QuestTable/DT_QuestSequenceReplay	4C89CE494E524D21B42866BD2CECB9F5			0x0F372DA3		Jixia				translated				
added_only	/Game/Data/DataTables/QuestTable/DT_QuestSequenceReplay	4D65E89D475EE0A391692E97CCEE2F89			0x0F372DA3		Jixia				translated				
added_only	/Game/Data/DataTables/QuestTable/DT_QuestSequenceReplay	4EAE6C1D48CAEB42ACB8AD9BC385E975			0x0F372DA3		Jixia				translated				
added_only	/Game/Data/DataTables/QuestTable/DT_QuestSequenceReplay	568152E345BEC6E84EE26FBA48460115			0x15A42E65		Dream Crisis				translated				
added_only	/Game/Data/DataTables/QuestTable/DT_QuestSequenceReplay	578B14CA4D1307A12C4E28A7F035D2F3			0x1EB5096F		Heroes Assemble				translated				
added_only	/Game/Data/DataTables/QuestTable/DT_QuestSequenceReplay	57FF0BF54A297A2321D5D89C083A545A			0x0F372DA3		Jixia				translated				
added_only	/Game/Data/DataTables/QuestTable/DT_QuestSequenceReplay	5DB2D12444F83992CB3CEA9A5CA0D9A9			0x2488FF00		Inside the Tower of Heaven, Zhuang Zhou, who was guarding the Cloud Silkworm, was defeated by the combined efforts of Jiang Ziya and a mysterious figure in black. Jiang Ziya took the Cloud Silkworm core and left. Zhuang Zhou exhausted his own power to replace the Cloud Silkworm and take his place in the Tower of Heaven.				translated				
added_only	/Game/Data/DataTables/QuestTable/DT_QuestSequenceReplay	5DE537304637815F0490C0BDDDCB912F			0xDBF96B56		Ground Collapse				translated				
added_only	/Game/Data/DataTables/QuestTable/DT_QuestSequenceReplay	60D75E994C8A7BF11701ECAA3FC3B663			0x51276E73		First Encounter with Qiansi				translated				
added_only	/Game/Data/DataTables/QuestTable/DT_QuestSequenceReplay	627BA3A047714EAD3FA0FCB85BADA50B			0xDBBD946E		Mulan's Sword Duel				translated				
added_only	/Game/Data/DataTables/QuestTable/DT_QuestSequenceReplay	66ADC77C464D296C2BA914B9A6B8193A			0x3C37E4E3		Time to Part				translated				
added_only	/Game/Data/DataTables/QuestTable/DT_QuestSequenceReplay	6B4CC46844F9094E1DE94BB52343FA7F			0x0F372DA3		Jixia				translated				
added_only	/Game/Data/DataTables/QuestTable/DT_QuestSequenceReplay	6F93592B441FFEA230DB2C94F2873094			0x776316B4		Shadows Appear				translated				
added_only	/Game/Data/DataTables/QuestTable/DT_QuestSequenceReplay	706A9E2945D8F2802294A184D8433BA2			0x147DC456		As you step into the cave, the ground shakes. Gan Si lets out a pained cry as he breaks free from the Cloud Root Pillar.				translated				
added_only	/Game/Data/DataTables/QuestTable/DT_QuestSequenceReplay	708D0B6D4B4BE1337B44F687AA2E29CB			0x0F372DA3		Jixia				translated				
added_only	/Game/Data/DataTables/QuestTable/DT_QuestSequenceReplay	717FF60243941820B303569C80CA349E			0x2F59F773		Frontier Sentiment				translated				
added_only	/Game/Data/DataTables/QuestTable/DT_QuestSequenceReplay	7509FCB646C4E541A34A3C8719C7EC38			0xEE7470D7		Master's Sacrifice				translated				
added_only	/Game/Data/DataTables/QuestTable/DT_QuestSequenceReplay	7625D4E742E5ECC54D6A6298DA749BDD			0x0F372DA3		Jixia				translated				
added_only	/Game/Data/DataTables/QuestTable/DT_QuestSequenceReplay	7FBAF5184D1F52835CCAB18AF6FA5579			0x0F372DA3		Jixia				translated				
added_only	/Game/Data/DataTables/QuestTable/DT_QuestSequenceReplay	80D439B94CFB72728F646B8C537E38D6			0xD9A1E8E4		God's Final Fall				translated				
added_only	/Game/Data/DataTables/QuestTable/DT_QuestSequenceReplay	80E350894316E90448207BAF30E019F3			0x3198E156		Di Xin's World-Ending				translated				
added_only	/Game/Data/DataTables/QuestTable/DT_QuestSequenceReplay	867D63EA4A0290E025085F8B015FAACC			0x251A1F89		Under the witness of the stone statues, Hua Mulan uses military orders to awaken Li Xun's remaining will. Together, they sing the frontier song, executing demons with discipline. As the strings snap, humanity returns, leaving only the tragic echo of 'Warrior, do not return...'				translated				
added_only	/Game/Data/DataTables/QuestTable/DT_QuestSequenceReplay	86F755F2491942DECC0BFE83F114D724			0x048C32C3		Cloud Silkworm Stolen				translated				
added_only	/Game/Data/DataTables/QuestTable/DT_QuestSequenceReplay	903405D74F3578BCC966DDA573A7A3B7			0xDE04AADC		You failed to stop Di Xin, and the world crumbled in his hands. The Primordial Priest blocked a fatal blow for you and sent you away from this world. As you parted, she gently said that this would not be the end of everything.				translated				
added_only	/Game/Data/DataTables/QuestTable/DT_QuestSequenceReplay	9054697B4D990654869D04A32111DDF2			0x6886D67C		The heroes fight alongside you, but one by one they fall before the overwhelming power. They cleared the path for you and escorted you to Di Xin; you now face him carrying their will.				translated				
added_only	/Game/Data/DataTables/QuestTable/DT_QuestSequenceReplay	950A6B2B4CF2F4F7830031A277C460ED			0x3CCF3B1B		Shadow Dream Secrets				translated				
added_only	/Game/Data/DataTables/QuestTable/DT_QuestSequenceReplay	99900CDD4AF2B86F847B2AB46464C3EA			0x0F372DA3		Jixia				translated				
added_only	/Game/Data/DataTables/QuestTable/DT_QuestSequenceReplay	9F7582B6444A6453906038B9C831A3B4			0x867D4404		Century Echo				translated				
added_only	/Game/Data/DataTables/QuestTable/DT_QuestSequenceReplay	A1A8F7834D81C1EB4C4D09A63E0A9DDD			0x0F372DA3		Jixia				translated				
added_only	/Game/Data/DataTables/QuestTable/DT_QuestSequenceReplay	A25FB44C4E857E621F8AA780108C62FD			0x154452EE		Eternal Starlight (Part II)				translated				
added_only	/Game/Data/DataTables/QuestTable/DT_QuestSequenceReplay	A49149D14AA7D0F020D4FCB2A95CA0D1			0xA98770B0		Qiansi Transformation				translated				
added_only	/Game/Data/DataTables/QuestTable/DT_QuestSequenceReplay	A59391A94B63DAA37B513CA9BBFA1F3E			0xB2BA71A6		Mr. Fox				translated				
added_only	/Game/Data/DataTables/QuestTable/DT_QuestSequenceReplay	A946DB114D5787A2F71B7FA34DE72024			0xB21127CC		The Great Wall Garrison fights the monsters in blood. Li Xun's sacrifice ignites Hua Mulan's desperate resolve...				translated				
added_only	/Game/Data/DataTables/QuestTable/DT_QuestSequenceReplay	BAC7D0894C240B1329A19C86844B730F			0x8104FA24		Master and Jiang Ziya fought. Qian Si appeared to persuade them to stop, but Jiang Ziya recognized him as his former student and killed him anyway. Master was furious, and Jiang Ziya, having regained his full power, severely injured everyone present. At the critical moment, Master used his body as a shield, sacrificing himself to save everyone. You and the others fell unconscious, and Jiang Ziya left in silence.				translated				
added_only	/Game/Data/DataTables/QuestTable/DT_QuestSequenceReplay	BFD278B64BCBE1136B6CE9B6DE1B377C			0xD621AF22		A strange black mist suddenly strikes, surrounding you and Qinglan. The source is none other than the Youying, who hasn't been seen for days...				translated				
added_only	/Game/Data/DataTables/QuestTable/DT_QuestSequenceReplay	C79318EF4947460685F98599B461DE4D			0x0F372DA3		Jixia				translated				
added_only	/Game/Data/DataTables/QuestTable/DT_QuestSequenceReplay	C9EC80FB4C950F7F4AB7F890C964BD75			0x0F372DA3		Jixia				translated				
added_only	/Game/Data/DataTables/QuestTable/DT_QuestSequenceReplay	CA46BEB249DA20AAB0DA06964B5CB121			0x4A804913		Truth in the Cave				translated				
added_only	/Game/Data/DataTables/QuestTable/DT_QuestSequenceReplay	CF7121C940B0AB4C39306CAE9E069BFB			0x0F372DA3		Jixia				translated				
added_only	/Game/Data/DataTables/QuestTable/DT_QuestSequenceReplay	D49C18CE424C92D891DAC3B9EF00ACBB			0x969E7741		Just as Qiansi was about to take you down with him, he discovered your academy crest. Recognizing you as a Jixia student, he regained his senses and saved you, falling into the abyss alone.				translated				
added_only	/Game/Data/DataTables/QuestTable/DT_QuestSequenceReplay	D67AB29A4AE5DDEBD4CE74A711C5D7B7			0x15A42E65		Dream Crisis				translated				
added_only	/Game/Data/DataTables/QuestTable/DT_QuestSequenceReplay	D71DED804491752DF0D94592D4097844			0x95EED52A		Just as you reached out to take the mark, a violent force of Conferred Gods surged into the arena, binding everyone. Jiang Ziya, the man in black, and Xingli descended from the sky. Master arrived, broke the bindings, and confronted Jiang Ziya in anger.				translated				
added_only	/Game/Data/DataTables/QuestTable/DT_QuestSequenceReplay	D7F200FA49977428CB58338636BAE432			0x843B7EAE		Li Xiaomiao wins a narrow victory through trickery, but Mulan sees through her sword style in three moves, causing her to lose in embarrassment and accidentally reveal her Guardian token.				translated				
added_only	/Game/Data/DataTables/QuestTable/DT_QuestSequenceReplay	D8F367B5444CC5846E623DB1EE554847			0x5CB54C64		From Rivals to Friends				translated				
added_only	/Game/Data/DataTables/QuestTable/DT_QuestSequenceReplay	DBCF5F8644B4AB4768C89E8D221B1B25			0x0F372DA3		Jixia				translated				
added_only	/Game/Data/DataTables/QuestTable/DT_QuestSequenceReplay	E3212DEF438C8CC299078EB7D09ADDFE			0x3C37E4E3		Time to Part				translated				
added_only	/Game/Data/DataTables/QuestTable/DT_QuestSequenceReplay	E562C8AA4BC0221AA945F399A4DFA272			0xADD38A73		Wrath of the Star Hidden				translated				
added_only	/Game/Data/DataTables/QuestTable/DT_QuestSequenceReplay	EB3DB70048BD73858D5E42876B61438F			0x8A5B7651		Battle of the Champions				translated				
added_only	/Game/Data/DataTables/QuestTable/DT_QuestSequenceReplay	EBA7F1844AFFD2AE0F1BC1B5C59FE5D6			0x3AE2058F		Xingmang is excited about finding the mechanism core, but Wujiu's cannonballs are everywhere. After a blinding flash of fire, everything around seems to have gone still...				translated				
added_only	/Game/Data/DataTables/QuestTable/DT_QuestSequenceReplay	F5262AC14A96A4F339FA96B05A1818FD			0xBFBAEF4F		Kui attempts a sneak attack on Chenzang from behind, but is blocked by the Festival Fish Clan Chief...				translated				
added_only	/Game/Data/DataTables/QuestTable/DT_QuestSequenceReplayCollection	4035D5E44CBE41AF6A8F5AA13FDE9923			0x6106F556		Explore				translated				
added_only	/Game/Data/DataTables/QuestTable/DT_QuestSequenceReplayCollection	436CD90847219896DB2A0B962067264A			0x08C189B5		Final Trial				translated				
added_only	/Game/Data/DataTables/QuestTable/DT_QuestSequenceReplayCollection	B303C89D4DB63CBFE1C9DE8BC9E4EABA			0x6C244367		Bountiful Cloud Celebration				translated				
added_only	/Game/Data/DataTables/QuestTable/DT_QuestSequenceReplayCollection	D9350D67481279FCD8F809AAB173D091			0x6106F556		Explore				translated				
added_only	/Game/Data/DataTables/QuestTable/DT_QuestSequenceReplayCollection	DDA2CB9545C49F402C31EF8AD23CE21D			0x0F372DA3		Jixia				translated				
added_only	/Game/Data/DataTables/QuestTable/DT_QuestSequenceReplayCollection	E56F7B594456638DBD438F9CA7BFDA2C			0x03CA9473		Apocalypse				translated				
added_only	/Game/Data/DataTables/QuestTable/DT_QuestSequenceReplayCollection	F443035545B6AD540DDFBDBBF17C27CF			0x6E24455C		Enrollment at Jixia				translated				
added_only	/Game/Data/DataTables/QuestTable/DT_QuestSequenceReplayCollection	F6E390764D83B9B8844D5FA5F88C558A			0x0F372DA3		Jixia				translated				
added_only	/Game/Data/DataTables/QuestTable/DT_QuestSequenceReplayHeroStory	22ED7DB243C64B0895573D993CC02236			0xD9D0B029		Mulan				translated				
source_hash_replaced_same_key	/Game/Data/DataTables/RPVP/CharacterGrowth/DT_RPVP_GeniusShow	32F38BA044C5FF2149CC40B5EF1957A1		0x7AFCEF21	0xB38C33AD	[Level Up, Dabai!] Stays at Level 3.	When HP is below 60%, casting the third skill restores HP.			translated	translated				
source_hash_replaced_same_key	/Game/Data/DataTables/RPVP/CharacterGrowth/DT_RPVP_GeniusShow	3709EC37490FE9E0A31B1EB85982903A		0x2FF286E6	0x4671D220	Perfect Dabai	Bunny First Aid			translated	translated				
source_hash_replaced_same_key	/Game/Data/DataTables/RPVP/CharacterGrowth/DT_RPVP_GeniusShow	41D54E1C461E247240BAB9B822185EDF		0xB54CC6E5	0x8CEFFE7F	Placeholder	The skill level of Bunny Barrage increases after firing a certain number of Bunny Bullets.			translated	translated				
source_hash_replaced_same_key	/Game/Data/DataTables/RPVP/CharacterGrowth/DT_RPVP_GeniusShow	CB253B004DFB89AD262097B64705CCA7		0xD9FA19FE	0x26661E35	Repeatedly cast [Snow Spirit Loop] to gain additional effects.	Continuously rebound [Snow Spirit Loop] to gain additional effects.			translated	translated				
source_hash_replaced_same_key	/Game/Data/DataTables/RPVP/CharacterGrowth/DT_RPVP_GeniusShow	EF93641A4F6543A296470EBDF220D631		0xCAAC8F90	0x97508235	Ice Crystal Blast	Spinning Ice Wind			translated	translated				
added_only	/Game/Data/DataTables/RPVP/SkillInfos/DT_RPVP_SkillInfo_FeiHan	200C26004ED9E0356FC84A9202C41487			0xA5DD2E04		"In Competitive Mode, the first three normal attacks will not trigger the enemy's <Skill_HL2>Perfect Dodge</>, block, or <Skill_HL2 ContentRow=""100410"">Neutralize</> effects."				translated				
source_hash_replaced_same_key	/Game/Data/DataTables/RPVP/SkillInfos/DT_RPVP_SkillInfo_FeiHan	9B3DC3D8417F21F5E737F7982AEE7CC3		0x7AAF44D2	0x0083E29C	In Arena mode, <Skill_HL1>Snow Spirit Loop</> will not enter a hover state if it misses the enemy.	In Competitive Mode, <Skill_HL1>Snow Spirit Loop</> does not enter a hovering state if it misses the enemy.			translated	translated				
added_only	/Game/Data/DataTables/RomaRoads/DT_NewRomaRoadsDailyTask	9317BEB942D1D6AEFA290597662B9B8E			0x5C643315		Win 1 match in Competitive Peak, Ranked, or Matchmaking modes				translated				
added_only	/Game/Data/DataTables/UIInteract/DT_HUDPartVisibility	945754424C4E2D9068CA54BF7862632C			0x347B5022		Map function is disabled in this area. Please use the button in the top right to exit.				translated				
