change_type	namespace	guid	row	old_source_hash	new_source_hash	old_text	new_text	current_zh_text	zh_diff_evidence
source_hash_replaced_same_key	/Game/Data/DataTables/CombatGrowth/BuffGrowth/DT_BuffGrowth_LongYa	04FD895749CBA79493B49482504AD3F0	213203_1	1807321034	698122423	<Skill_HL1>Furnace Mountain-Opener</> becomes a <Skill_HL2>Strong Flow Skill</>, and cooldown is reduced by <Skill_Number>3</> seconds.	<Skill_HL1>Furnace Fire Mountain Splitter</> becomes a <Skill_HL2>Flow Skill</>, and its cooldown is reduced by <Skill_Number>1</> second.	<Skill_HL1>炉火开山</>变为<Skill_HL2>强流技</>，冷却时间减少<Skill_Number>1</>秒	changed old=<Skill_HL1>炉火开山</>变为<Skill_HL2>强流技</>，冷却时间减少<Skill_Number>3</>秒 new=<Skill_HL1>炉火开山</>变为<Skill_HL2>强流技</>，冷却时间减少<Skill_Number>1</>秒
source_hash_replaced_same_key	/Game/Data/DataTables/CombatGrowth/SkillGrowth/DT_SkillGrowth_SSX	014C490F4A9CD2AF270F25BB734CEF70	260210_1	3446421086	1774047285	Enhanced E	Lotus Fire Bomb	莲火爆弹	changed old=强化E new=莲火爆弹
source_hash_replaced_same_key	/Game/Data/DataTables/CombatGrowth/SkillGrowth/DT_SkillGrowth_SSX	DE44719D4ED4041FAE3729B4D40B07F2	260300_1	401968600	4192715975	"In <Skill_HL1 ContentRow=""102604"">Lotus Bloom</> state, when <Skill_HL2 ContentRow=""102603"">Pressure</> is full, this skill is enhanced to Sky-Breaking Lotus. When Lotus shells are depleted, casting the third skill or a basic attack will trigger <Skill_HL1 ContentRow=""102605"">Thousand Gold Fury</>.
Fires a ballista and homing shells, dealing <IconCommonAttack></> Basic Attack damage. Up to <Skill_Number>3</> additional homing shells are triggered based on <Skill_HL2>Pressure</>. Exits <Skill_HL1>Lotus Bloom</> state after casting."	"When in the <Skill_HL1 ContentRow=""102604"">Red Lotus Bloom</> state, this skill is empowered into <Skill_HL1 ContentRow=""102605"">Thousand Gold Fury</> when <Skill_HL2 ContentRow=""102603"">Pressure</> is full. When <Skill_HL2 ContentRow=""102610"">Heavy Gold Shells</> are depleted, casting the third skill or a basic attack will trigger <Skill_HL1>Thousand Gold Fury</>.
Fires a ballista and tracking shells, dealing <IconCommonAttack></> basic attack damage to enemies. Up to <Skill_Number>3</> additional tracking shells are triggered based on <Skill_HL2>Pressure</>. Exits the <Skill_HL1>Red Lotus Bloom</> state after casting."	"<Skill_HL1 ContentRow=""102604"">红莲绽</>状态下，<Skill_HL2 ContentRow=""102603"">压力值</>满时该技能强化为<Skill_HL1 ContentRow=""102605"">千金一怒</>。<Skill_HL2 ContentRow=""102610"">千金重弹</>耗尽时，施放三技能或普攻均可施放<Skill_HL1>千金一怒</>。
发射弩炮与追踪炮弹，对敌人造成<IconCommonAttack></>普攻伤害，根据<Skill_HL2>压力值</>最多额外触发<Skill_Number>3</>枚追踪炮弹。施放后退出<Skill_HL1>红莲绽</>状态。"	"changed old=<Skill_HL1 ContentRow=""102604"">红莲绽</>状态下，<Skill_HL2 ContentRow=""102603"">压力值</>满时该技能强化为破穹红莲。红莲炮弹耗尽时，施放三技能或普攻均可施放<Skill_HL1 ContentRow=""102605"">千金一怒</>。\n发射弩炮与追踪炮弹，对敌人造成<IconCommonA… new=<Skill_HL1 ContentRow=""102604"">红莲绽</>状态下，<Skill_HL2 ContentRow=""102603"">压力值</>满时该技能强化为<Skill_HL1 ContentRow=""102605"">千金一怒</>。<Skill_HL2 ContentRow=""102610"">千金重弹</>耗尽时，施放三技能或普攻均可施放…"
source_hash_replaced_same_key	/Game/Data/DataTables/CommonTime/DT_CommonTimeTable	6768E8FD4A24FC39F093B9A9E83F6D8A	1226	3033317837	635260855	[Official][S1] 1.1W3 Mystic Drift Four-Week Availability (6.11-7.8)	[Official][S1] 1.1W3 Xuanqing Prize Pool End Date TBD (6.18-12.31)	[正式][S1]1.1W3玄清奖池不确定结束时间（6.18-12.31）	changed old=[正式][S1]1.1W3玄清四周上架时间（6.11-7.8） new=[正式][S1]1.1W3玄清奖池不确定结束时间（6.18-12.31）
source_hash_replaced_same_key	/Game/Data/DataTables/ItemSourceTracking/DT_ItemTrackingHandle_Lottery	AB873FF6456F06F7BC9A098269AD41CA	210501	3427931174	3661367712	Obtained via Shop	Spirit Encounter Acquisition	灵遇获取	changed old=商城获取 new=灵遇获取
source_hash_replaced_same_key	/Game/Data/DataTables/Loading/LoadingTips/DT_LoadingTips_Common	508D6AED4C5DA400EB0237833ADE506A	100050011	2805593028	3820216632	Go to the Shop to purchase with Xuan Crystal	Obtained via Profound Crystal Spirit Encounter	通过璇晶灵遇获取	changed old=前往商城使用璇晶购买 new=通过璇晶灵遇获取
source_hash_replaced_same_key	/Game/Data/DataTables/Lottery/LotteryPool/DT_LotteryPoolNew	5F8090C741B53CE42C838586DD0058F9	90001	979461821	1844650449	"Use <span color=""#FFE398"">Contract of Oblivion</> for Spirit Encounters. Each encounter consumes 1 <span color=""#FFE398"">Contract of Oblivion</> and has a chance to yield rare rewards.[br] [br]120 encounters guarantee all <span color=""#FFE398"">Gold-tier rewards</>. <span color=""#FFE398"">Gold-tier rewards</> cannot be obtained repeatedly.[br]10 encounters guarantee a <span color=""#COB3FF"">Purple-tier reward</> or higher; the counter resets upon obtaining one. Duplicate <span color=""#COB3FF"">Purple-tier rewards</> exceeding the holding limit will be converted into <span color=""#5EA8F3"">Remnant Contracts*40</>.[br] [br]Accumulate encounters to earn additional milestone rewards."	"Use <span color=""#FFE398"">Forget-Me-Not Contract</> for Spirit Encounters. Each encounter consumes 1 <span color=""#FFE398"">Forget-Me-Not Contract</> and has a chance to grant rare rewards.[br] [br]Performing <span color=""#FFE398"">40</> Spirit Encounters guarantees all <span color=""#FFE398"">Gold Quality Rewards</>, which cannot be obtained repeatedly.[br]Performing <span color=""#FFE398"">10</> Spirit Encounters guarantees a <span color=""#COB3FF"">Purple Quality Reward</>. The counter resets upon obtaining one. If you receive a <span color=""#COB3FF"">Purple Quality Reward</> that exceeds your holding limit, it will be converted into <span color=""#5EA8F3"">Contract Remnants*40</>.[br] [br]Accumulate a certain number of Spirit Encounters to receive additional milestone rewards."	"使用<span color=""#FFE398"">忘形之契</>进行灵遇，每次灵遇会消耗1个<span color=""#FFE398"">忘形之契</>，概率获得稀有奖励。[br] [br]灵遇<span color=""#FFE398"">40</>次必定获得全部<span color=""#FFE398"">金色品质奖励</>，<span color=""#FFE398"">金色品质奖励</>不可重复获取。[br]灵遇<span color=""#FFE398"">10</>次必定获得<span color=""#COB3FF"">紫色品质奖励</>，获得后次数重新累计。重复获得超过持有上限的<span color=""#COB3FF"">紫色品质奖励</>时，将会转化为<span color=""#5EA8F3"">残契*40</>。[br] [br]累计灵遇到一定次数时，可额外获得对应的灵遇次数奖励。"	"changed old=使用<span color=""#FFE398"">忘形之契</>进行灵遇，每次灵遇会消耗1个<span color=""#FFE398"">忘形之契</>，概率获得稀有奖励。[br] [br]灵遇<span color=""#FFE398"">120</>次必定获得全部<span color=""#FFE398"">金色品质奖励</>，<span color=""#FFE… new=使用<span color=""#FFE398"">忘形之契</>进行灵遇，每次灵遇会消耗1个<span color=""#FFE398"">忘形之契</>，概率获得稀有奖励。[br] [br]灵遇<span color=""#FFE398"">40</>次必定获得全部<span color=""#FFE398"">金色品质奖励</>，<span color=""#FFE3…"
source_hash_replaced_same_key	/Game/Data/DataTables/NewbieGuide/NewbieGuideTemplate/DT_NewbieGuideTemplateLink_SSX	1CA878344FF81E261D436F97E14EBA51	1026001020	1857575250	4099455354	When the Pressure Value is full or Red Lotus shells are depleted, press {0} to cast <ffe398>A Thousand Gold Fury</> (when shells are depleted, basic attacks can also trigger <ffe398>A Thousand Gold Fury</>).	Press {0} when Pressure is full or Heavy Gold Shells are depleted to cast <ffe398>Thousand Gold Fury</> (when shells are depleted, basic attacks can also cast <ffe398>Thousand Gold Fury</>).	压力值满或千金重弹耗尽时按下{0}施放<ffe398>千金一怒</>（炮弹耗尽时，普攻也可施放<ffe398>千金一怒</>）。	changed old=压力值满或红莲炮弹耗尽时按下{0}施放<ffe398>千金一怒</>（炮弹耗尽时，普攻也可施放<ffe398>千金一怒</>）。 new=压力值满或千金重弹耗尽时按下{0}施放<ffe398>千金一怒</>（炮弹耗尽时，普攻也可施放<ffe398>千金一怒</>）。
source_hash_replaced_same_key	/Game/Data/DataTables/NewbieGuide/NewbieGuideTemplate/DT_NewbieGuideTemplateLink_SSX	29DF57CF420E0745E78CE18829B4436E	1026001031	3358026731	1911896634	Fires <ffe398>Lotus Shells</> to gain Pressure.[br]When shells are depleted, cast <ffe398>Skill 3: Thousand Gold Fury</>.	Fire <ffe398>Heavy Gold Shells</> to gain Pressure.[br]When shells are depleted, cast <ffe398>Skill 3: Thousand Gold Fury</>.	发射<ffe398>千金重弹</>，获得压力值。[br]炮弹耗尽时，施放<ffe398>三技能千金一怒</>。	changed old=发射<ffe398>红莲炮弹</>，获得压力值。[br]炮弹耗尽时，施放<ffe398>三技能千金一怒</>。 new=发射<ffe398>千金重弹</>，获得压力值。[br]炮弹耗尽时，施放<ffe398>三技能千金一怒</>。
source_hash_replaced_same_key	/Game/Data/DataTables/NewbieGuide/NewbieGuideTemplate/DT_NewbieGuideTemplateLink_SSX	6872C82D42920697C966DB8159BD6D35	1026001020	1019378683	2058346562	When the Pressure Value is full or Red Lotus shells are depleted, press to cast <ffe398>A Thousand Gold Fury</> (when shells are depleted, basic attacks can also trigger <ffe398>A Thousand Gold Fury</>).	Press to cast <ffe398>Thousand Gold Fury</> when Pressure is full or Heavy Gold Shells are depleted (when shells are depleted, basic attacks can also cast <ffe398>Thousand Gold Fury</>).	压力值满或千金重弹耗尽时按下施放<ffe398>千金一怒</>（炮弹耗尽时，普攻也可施放<ffe398>千金一怒</>）。	changed old=压力值满或红莲炮弹耗尽时按下施放<ffe398>千金一怒</>（炮弹耗尽时，普攻也可施放<ffe398>千金一怒</>）。 new=压力值满或千金重弹耗尽时按下施放<ffe398>千金一怒</>（炮弹耗尽时，普攻也可施放<ffe398>千金一怒</>）。
source_hash_replaced_same_key	/Game/Data/DataTables/NewbieGuide/NewbieGuideTemplate/DT_NewbieGuideTemplateLink_SSX	73D7DD7F48B990E08A7655B023F0B3C6	1026001020	1857575250	4099455354	When the Pressure Value is full or Red Lotus shells are depleted, press {0} to cast <ffe398>A Thousand Gold Fury</> (when shells are depleted, basic attacks can also trigger <ffe398>A Thousand Gold Fury</>).	Press {0} when Pressure is full or Heavy Gold Shells are depleted to cast <ffe398>Thousand Gold Fury</> (when shells are depleted, basic attacks can also cast <ffe398>Thousand Gold Fury</>).	压力值满或千金重弹耗尽时按下{0}施放<ffe398>千金一怒</>（炮弹耗尽时，普攻也可施放<ffe398>千金一怒</>）。	changed old=压力值满或红莲炮弹耗尽时按下{0}施放<ffe398>千金一怒</>（炮弹耗尽时，普攻也可施放<ffe398>千金一怒</>）。 new=压力值满或千金重弹耗尽时按下{0}施放<ffe398>千金一怒</>（炮弹耗尽时，普攻也可施放<ffe398>千金一怒</>）。
source_hash_replaced_same_key	/Game/Data/DataTables/NewbieGuide/NewbieGuideTemplate/DT_NewbieGuideTemplateLink_SSX	7507F5144C4C318D5F310DAEC03AABBD	1026001020	1019378683	2058346562	When the Pressure Value is full or Red Lotus shells are depleted, press to cast <ffe398>A Thousand Gold Fury</> (when shells are depleted, basic attacks can also trigger <ffe398>A Thousand Gold Fury</>).	Press to cast <ffe398>Thousand Gold Fury</> when Pressure is full or Heavy Gold Shells are depleted (when shells are depleted, basic attacks can also cast <ffe398>Thousand Gold Fury</>).	压力值满或千金重弹耗尽时按下施放<ffe398>千金一怒</>（炮弹耗尽时，普攻也可施放<ffe398>千金一怒</>）。	changed old=压力值满或红莲炮弹耗尽时按下施放<ffe398>千金一怒</>（炮弹耗尽时，普攻也可施放<ffe398>千金一怒</>）。 new=压力值满或千金重弹耗尽时按下施放<ffe398>千金一怒</>（炮弹耗尽时，普攻也可施放<ffe398>千金一怒</>）。
source_hash_replaced_same_key	/Game/Data/DataTables/NewbieGuide/NewbieGuideTemplate/DT_NewbieGuideTemplateLink_SSX	9826B4C748764B7D81D890B4353DD2E0	1026001031	3358026731	1911896634	Fires <ffe398>Lotus Shells</> to gain Pressure.[br]When shells are depleted, cast <ffe398>Skill 3: Thousand Gold Fury</>.	Fire <ffe398>Heavy Gold Shells</> to gain Pressure.[br]When shells are depleted, cast <ffe398>Skill 3: Thousand Gold Fury</>.	发射<ffe398>千金重弹</>，获得压力值。[br]炮弹耗尽时，施放<ffe398>三技能千金一怒</>。	changed old=发射<ffe398>红莲炮弹</>，获得压力值。[br]炮弹耗尽时，施放<ffe398>三技能千金一怒</>。 new=发射<ffe398>千金重弹</>，获得压力值。[br]炮弹耗尽时，施放<ffe398>三技能千金一怒</>。
source_hash_replaced_same_key	/Game/Data/DataTables/NewbieGuide/NewbieGuideTemplate/DT_NewbieGuideTemplateLink_SSX	99E590694B6DCF2294CBBBB43B46BBBE	1026001031	3358026731	1911896634	Fires <ffe398>Lotus Shells</> to gain Pressure.[br]When shells are depleted, cast <ffe398>Skill 3: Thousand Gold Fury</>.	Fire <ffe398>Heavy Gold Shells</> to gain Pressure.[br]When shells are depleted, cast <ffe398>Skill 3: Thousand Gold Fury</>.	发射<ffe398>千金重弹</>，获得压力值。[br]炮弹耗尽时，施放<ffe398>三技能千金一怒</>。	changed old=发射<ffe398>红莲炮弹</>，获得压力值。[br]炮弹耗尽时，施放<ffe398>三技能千金一怒</>。 new=发射<ffe398>千金重弹</>，获得压力值。[br]炮弹耗尽时，施放<ffe398>三技能千金一怒</>。
source_hash_replaced_same_key	/Game/Data/DataTables/NewbieGuide/NewbieGuideTemplate/DT_NewbieGuideTemplateLink_SSX	F801689648810062ADB86486329CA946	1026001031	3358026731	1911896634	Fires <ffe398>Lotus Shells</> to gain Pressure.[br]When shells are depleted, cast <ffe398>Skill 3: Thousand Gold Fury</>.	Fire <ffe398>Heavy Gold Shells</> to gain Pressure.[br]When shells are depleted, cast <ffe398>Skill 3: Thousand Gold Fury</>.	发射<ffe398>千金重弹</>，获得压力值。[br]炮弹耗尽时，施放<ffe398>三技能千金一怒</>。	changed old=发射<ffe398>红莲炮弹</>，获得压力值。[br]炮弹耗尽时，施放<ffe398>三技能千金一怒</>。 new=发射<ffe398>千金重弹</>，获得压力值。[br]炮弹耗尽时，施放<ffe398>三技能千金一怒</>。
source_hash_replaced_same_key	/Game/Data/DataTables/QuestTable/DT_MainQuestRescueBuffVoice	051978EA4DDA546630A009B83C7050A3	5	2173605658	1030445544	Go for it, show your true strength.	Come on, show them your true strength.[br]You've received the power of a friend. Go turn the tide!	加油，展示你的真正实力。[br]你获得了好友的力量，去将局势逆转吧！	changed old=加油，展示你的真正实力。 new=加油，展示你的真正实力。[br]你获得了好友的力量，去将局势逆转吧！
source_hash_replaced_same_key	/Game/Data/DataTables/QuestTable/DT_MainQuestRescueBuffVoice	14C7BE434A10BD69BA8D77965187C397	10	2870412716	1473273717	Go for it, you're strong.	Go for it, you're strong.[br]You've received the power of a friend. Go turn the tide!	放手去做，你很强。[br]你获得了好友的力量，去将局势逆转吧！	changed old=放手去做，你很强。 new=放手去做，你很强。[br]你获得了好友的力量，去将局势逆转吧！
source_hash_replaced_same_key	/Game/Data/DataTables/QuestTable/DT_MainQuestRescueBuffVoice	582EBC2F4EBDF7C92653C1BE72CF6ED6	2	3539910057	3879159623	Go for it, we've got this win.	Keep it up, we've got this win.[br]You've received the power of a friend. Go turn the tide!	加油，这次我们稳赢。[br]你获得了好友的力量，去将局势逆转吧！	changed old=加油，这次我们稳赢。 new=加油，这次我们稳赢。[br]你获得了好友的力量，去将局势逆转吧！
source_hash_replaced_same_key	/Game/Data/DataTables/QuestTable/DT_MainQuestRescueBuffVoice	5E91907048FD2ECB6E506492C3C3416C	1	3261863611	4258652985	Stay steady, we can win this!	Stay steady, we can win this![br]You've received the power of a friend. Go turn the tide!	稳住，我们能赢！[br]你获得了好友的力量，去将局势逆转吧！	changed old=稳住，我们能赢！ new=稳住，我们能赢！[br]你获得了好友的力量，去将局势逆转吧！
source_hash_replaced_same_key	/Game/Data/DataTables/QuestTable/DT_MainQuestRescueBuffVoice	9E241CEB49CE636D8EC23AB9AD504D96	9	4166398371	1596044474	Believe in yourself; I've got your back this time.	Believe in yourself, I've got your back.[br]You've received the power of a friend. Go turn the tide!	相信你自己，这次背后有我。[br]你获得了好友的力量，去将局势逆转吧！	changed old=相信你自己，这次背后有我。 new=相信你自己，这次背后有我。[br]你获得了好友的力量，去将局势逆转吧！
source_hash_replaced_same_key	/Game/Data/DataTables/QuestTable/DT_MainQuestRescueBuffVoice	B795242E4210AAA80F37C0889C56EA42	8	1189138154	3303209426	Hold on, I'm with you.	Hold on, I'm with you.[br]You've received the power of a friend. Go turn the tide!	撑住，我陪你。[br]你获得了好友的力量，去将局势逆转吧！	changed old=撑住，我陪你。 new=撑住，我陪你。[br]你获得了好友的力量，去将局势逆转吧！
source_hash_replaced_same_key	/Game/Data/DataTables/QuestTable/DT_MainQuestRescueBuffVoice	C2465B89424242A352A126A437A4D08B	4	640478999	1176953629	I'll assist you.	I'm here to help.[br]You've received the power of a friend. Go turn the tide!	我来助你。[br]你获得了好友的力量，去将局势逆转吧！	changed old=我来助你。 new=我来助你。[br]你获得了好友的力量，去将局势逆转吧！
source_hash_replaced_same_key	/Game/Data/DataTables/QuestTable/DT_MainQuestRescueBuffVoice	DD1C38C941CD365B8E1820BBD50917AC	6	3261863611	4258652985	Stay steady, we can win this!	Stay steady, we can win this![br]You've received the power of a friend. Go turn the tide!	稳住，我们能赢！[br]你获得了好友的力量，去将局势逆转吧！	changed old=稳住，我们能赢！ new=稳住，我们能赢！[br]你获得了好友的力量，去将局势逆转吧！
source_hash_replaced_same_key	/Game/Data/DataTables/QuestTable/DT_MainQuestRescueBuffVoice	F00686F54C9C3DF83A49C3A583F508F9	3	3198140233	1644951819	Don't give up, there's still a chance.	Don't give up, there's still a chance.[br]You've received the power of a friend. Go turn the tide!	别放弃，还有机会。[br]你获得了好友的力量，去将局势逆转吧！	changed old=别放弃，还有机会。 new=别放弃，还有机会。[br]你获得了好友的力量，去将局势逆转吧！
source_hash_replaced_same_key	/Game/Data/DataTables/QuestTable/DT_MainQuestRescueBuffVoice	FB1685174322A482BC4E939729BF10AA	7	1826398908	1839483326	Don't worry, I'm here.	Don't worry, I'm here.[br]You've received the power of a friend. Go turn the tide!	别担心，有我在。[br]你获得了好友的力量，去将局势逆转吧！	changed old=别担心，有我在。 new=别担心，有我在。[br]你获得了好友的力量，去将局势逆转吧！
source_hash_replaced_same_key	/Game/Data/DataTables/QuestTable/QuestConflict/DT_QuestConflict_HeroStory	3C41D35B4E3CE8D73393CA968F5AFAF7	4050104	174354246	1035640692	Feihan S1M4	Feihan S1M1	妃寒S1M1	added=妃寒S1M1 | removed=妃寒S1M4
source_hash_replaced_same_key	/Game/Data/DataTables/Settlement/DT_SettlementLikeText	55DF960C41C4B827415B069A4C1CF320	7	2150517307	3918600863	Big brother! Please be my master!	Master! Please take me as your apprentice!	大佬！收徒嘛！	changed old=大哥！收徒嘛！ new=大佬！收徒嘛！
source_hash_replaced_same_key	/Game/Data/DataTables/Social/SocialBadge/DT_SocialBadgeRules	8CDF69C9420D9139E9A2588B84C2387C	InterestRule	426309868	3743990483	"Community EXP increases as you view and interact with content in the Community. Each Community Badge tracks its Community EXP separately. You can check the details in Records.[br]<span color=""#90D1FF"">View Content</>[br]View content in the Community to automatically gain 1 Community EXP, up to 3 times daily for each type.[br][br]<span color=""#90D1FF"">Post</>[br]Post content in the Community to gain 5 Community EXP, up to 1 time daily for each type.[br][br]<span color=""#90D1FF"">Comment</>[br]Comment in the Community to gain 2 Community EXP, up to 5 times daily for each type.[br][br]<span color=""#90D1FF"">Like</>[br]Like content in the Community to gain 1 Community EXP, up to 5 times daily.[br][br]<span color=""#90D1FF"">Share</>[br]Share content in the Community to gain 3 Community EXP, up to 1 time daily.[br][br]<span color=""#90D1FF"">Other Players Interact with Your Posts</>[br]Likes: +1 Community EXP per like, up to 5 times per day.[br]Comments: +2 Community EXP per comment, up to 5 times per day.[br]Favourites: +1 Community EXP when your content is favourited, up to 5 times per day.[br]Preset uses: +2 Community EXP when a Preset you posted is used by others, up to 5 times per day.[br]Shares: +2 Community EXP when your content is shared, up to 5 times per day.[br][br]<span color=""#90D1FF"">Post High-Quality Content</>[br]Likes: When likes on your post reach 200 / 500 / 1,000, you earn 10 / 25 / 65 Community EXP, respectively (one-time reward).[br]Comments: When comments on your post reach 100 / 300 / 500, you earn 10 / 25 / 65 Community EXP, respectively (one-time reward).[br]Shares: When your post is shared 100 / 300 / 500 times, you earn 10 / 25 / 65 Community EXP, respectively (one-time reward).[br]Preset uses: When a Preset you shared is used 100 / 300 / 500 times, you earn 10 / 25 / 65 Community EXP, respectively (one-time reward).[br]Pinned: If your post is pinned, you earn 10 Community EXP.[br]Featured: If your post is featured, you earn 10 Community EXP.[br]<span color=""#90D1FF"">Tips</>[br]Each post only grants EXP toward 1 type (Interest or Flow Style). To ensure you get EXP as you wish, we recommend including tags that accurately reflect the badge type and <span color=""#90D1FF"">putting them at the very beginning</>.[br]If you're unsure which tag to use, try these:[br]For in-game photography, use #LuminalHarmony,</> etc.[br]For Home design and management, use <span color=""#90D1FF"">#FunOfBuilding,</> etc.[br]For game guides, use <span color=""#90D1FF"">GuidingLight,</> etc.[br]For socializing content like looking for friends or help, use <span color=""#90D1FF"">#KindredBond,</> etc.[br]For lore and story, use <span color=""#90D1FF"">#HeartoftheStory,</> etc.[br]For Flow Styles, use <span color=""#90D1FF"">#Shye, #PrincessFrost,</> etc."	"Interest EXP increases through content consumption and interaction in the Interest Circle. Interest EXP for each badge is calculated independently. View details in [Acquisition Records].[br]<span color=""#90D1FF"">· Browse Content</>[br]Browse content in the Interest Circle daily to automatically gain 6 Interest EXP. Limit: 5 times per category per day.[br][br]<span color=""#90D1FF"">· Post Content</>[br]Post content in the Interest Circle daily to automatically gain 10 Interest EXP. Limit: 1 time per category per day.[br][br]<span color=""#90D1FF"">· Comment</>[br]Post a comment in the Interest Circle daily to automatically gain 6 Interest EXP. Limit: 5 times per category per day.[br][br]<span color=""#90D1FF"">· Like</>[br]Like content in the Interest Circle daily to automatically gain 6 Interest EXP. Limit: 5 times per day.[br][br]<span color=""#90D1FF"">· Share</>[br]Share content in the Interest Circle daily to automatically gain 6 Interest EXP. Limit: 1 time per day.[br][br]<span color=""#90D1FF"">· Receive Interactions</>[br]Receive a Like in the Interest Circle to gain 2 Interest EXP. Limit: 10 times per day.[br]Receive a Comment in the Interest Circle to gain 3 Interest EXP. Limit: 10 times per day.[br]Content you posted is favorited by others to gain 2 Interest EXP. Limit: 10 times per day.[br]Template you posted is used by others to gain 3 Interest EXP. Limit: 5 times per day.[br]Content you posted is shared by others to gain 3 Interest EXP. Limit: 5 times per day.[br][br]<span color=""#90D1FF"">· Post Quality Content</>[br]Reach 200/500/1000 total Likes on content matching an interest topic to gain 10/25/65 Interest EXP respectively. Task limit: 1 time.[br]Reach 100/300/500 total comments on content matching an interest topic to gain 10/25/65 Interest EXP respectively. Task limit: 1 time.[br]Reach 100/300/500 total shares on content matching an interest topic to gain 10/25/65 Interest EXP respectively. Task limit: 1 time.[br]Reach 100/300/500 total uses of templates in content matching an interest topic to gain 10/25/65 Interest EXP respectively. Task limit: 1 time.[br]Content matching an interest topic is pinned to gain 10 Interest EXP.[br]Content matching an interest topic is featured to gain 10 Interest EXP.[br][br]<span color=""#90D1FF"">[Tips]</>[br]Each post can only grant one type of [Interest] EXP and one type of [Resonance] EXP. To ensure accurate classification, we recommend inserting a topic tag that reflects your content and <span color=""#90D1FF"">placing it first in your post.</>[br]If you are unsure which topic to use, refer to these recommendations:[br]· Game Photography: <span color=""#90D1FF"">#LightAndShadow</>[br]· Housing Design/Management: <span color=""#90D1FF"">#HomeBuilding</>[br]· Guides: <span color=""#90D1FF"">#GuideLight</>[br]· Social/Finding Partners: <span color=""#90D1FF"">#KindredSpirits</>[br]· Lore/Story Discussion: <span color=""#90D1FF"">#StoryTales</>[br]· Daily Life/Casual Play: <span color=""#90D1FF"">#LeisurePlay</>[br]· Combat Highlights: <span color=""#90D1FF"">#CombatSpirit</>[br]· Hero-related: Use the corresponding hero tag, e.g., <span color=""#90D1FF"">#XiShi #WangZhaojun</>"	"兴趣经验值随着你在兴趣圈的内容消费和互动行为增加，每种兴趣徽章所需的兴趣经验值独立计算。兴趣经验值获取明细可在【获取记录】处查看。[br]<span color=""#90D1FF"">· 浏览内容</>[br]每日在兴趣圈浏览内容，可自动获取6兴趣经验值。每类兴趣值每日最多可获取5次。[br][br]<span color=""#90D1FF"">· 发布内容</>[br]每日在兴趣圈成功发布内容，可自动获取10兴趣经验值。每类兴趣值每日最多可获取1次。[br][br]<span color=""#90D1FF"">· 评论</>[br]每日在兴趣圈成功发布评论，可自动获取6兴趣经验值，每类每日最多可获取5次。[br][br]<span color=""#90D1FF"">· 点赞</>[br]每日在兴趣圈点赞，可自动获取6兴趣经验值。每日最多可获取5次。[br][br]<span color=""#90D1FF"">· 分享</>[br]每日在兴趣圈分享内容，可自动获取6兴趣经验值。每日最多可获取1次。[br][br]<span color=""#90D1FF"">· 内容获得互动反馈</>[br]每日在兴趣圈收到他人点赞，可自动获取2兴趣经验值。每日获取上限为10次。[br]每日在兴趣圈收到他人评论，可自动获取3兴趣经验值。每日获取上限为10次。[br]每日在兴趣圈发布的内容被他人收藏，可自动获取2兴趣经验值。每日获取上限为10次。[br]每日在兴趣圈发布的模板被他人使用，可自动获取3兴趣经验值。每日获取上限为5次。[br]每日在兴趣圈发布的内容被他人分享，可自动获取3兴趣经验值。每日获取上限为5次。[br][br]<span color=""#90D1FF"">· 发布优质内容</>[br]符合兴趣主题的内容在兴趣圈获得的点赞数累计达到200/500/1000，即可分别获得10/25/65对应兴趣经验值，本任务最多可完成1次。[br]符合兴趣主题的内容在兴趣圈累计评论达到100/300/500，即可分别获得10/25/65对应兴趣经验值，本任务最多可完成1次。[br]符合兴趣主题的内容累计被分享达到100/300/500次，即可分别获得10/25/65对应兴趣经验值，本任务最多可完成1次。[br]符合兴趣主题的内容包含的模板累计被使用达到100/300/500次，即可分别获得10/25/65活跃经验值，本任务最多可完成1次。[br]在兴趣圈发布的符合兴趣主题的内容被置顶，可获得10兴趣经验值。[br]在兴趣圈发布的符合兴趣主题的内容被加精，可获得10兴趣经验值。[br][br]<span color=""#90D1FF"">【小贴士】</>[br]每篇动态至多只能获得一种【兴趣】经验和一种【共鸣】经验。为了保证兴趣经验值准确归类和计算，推荐您在发布内容时，在正文插入能够准确体现分类的话题，<span color=""#90D1FF"">并将该话题置于第一位。</>[br]当您不知道该使用哪个话题时，可以参考以下推荐话题：[br]· 发布游戏摄影类作品，建议使用<span color=""#90D1FF"">#光影之韵</>[br]· 发布居所设计、居所经营类内容，建议使用<span color=""#90D1FF"">#筑家之趣 </>[br]· 发布攻略类内容，建议使用<span color=""#90D1FF"">#指南之光</>[br]· 发布找搭子、互助等社交类内容，建议使用<span color=""#90D1FF"">#知己之缘</>[br]· 发布剧情讨论或考据，建议使用<span color=""#90D1FF"">#故事之情</>[br]· 发布游戏日常或休闲玩法相关内容，建议使用<span color=""#90D1FF"">#闲游之乐</>[br]· 发布战斗高光或相关内容，建议使用<span color=""#90D1FF"">#斗战之志</>[br]· 发布英雄相关内容，建议使用对应英雄话题，例如<span color=""#90D1FF"">#西施 #王昭君 </>等"	"changed old=兴趣经验值随着你在兴趣圈的内容消费和互动行为增加，每种兴趣徽章所需的兴趣经验值独立计算。兴趣经验值获取明细可在【获取记录】处查看。[br]<span color=""#90D1FF"">· 浏览内容</>[br]每日在兴趣圈浏览内容，可自动获取1兴趣经验值。每类兴趣值每日最多可获取3次。[br][br]<span color=""#90D1FF"">· 发布内容<… new=兴趣经验值随着你在兴趣圈的内容消费和互动行为增加，每种兴趣徽章所需的兴趣经验值独立计算。兴趣经验值获取明细可在【获取记录】处查看。[br]<span color=""#90D1FF"">· 浏览内容</>[br]每日在兴趣圈浏览内容，可自动获取6兴趣经验值。每类兴趣值每日最多可获取5次。[br][br]<span color=""#90D1FF"">· 发布内容<…"
added_only	/Game/Data/DataTables/Battle/DT_LogicEffect_LongYa	B1F597454A7C04FF97AC89953239C0D5	213203_1		698122423		<Skill_HL1>Furnace Fire Mountain Splitter</> becomes a <Skill_HL2>Flow Skill</>, and its cooldown is reduced by <Skill_Number>1</> second.	<Skill_HL1>炉火开山</>变为<Skill_HL2>强流技</>，冷却时间减少<Skill_Number>1</>秒	added=<Skill_HL1>炉火开山</>变为<Skill_HL2>强流技</>，冷却时间减少<Skill_Number>1</>秒
added_only	/Game/Data/DataTables/CombatGrowth/BuffGrowth/DT_BuffGrowth_XS	201361B6482C70412C6D808D0C669369	117051_1		3524002419		"After pulling the <Skill_HL2 ContentRow=""101102"">Orb</> with the first skill <Skill_HL1>Silk Bind Seal</>, you will still receive <Skill_Number>100%</> healing even if you are not within the <Skill_HL2>Orb</>'s explosion range."	"一技能<Skill_HL1>纱缚之印</>拉取<Skill_HL2 ContentRow=""101102"">法球</>后，即使自身不在<Skill_HL2>法球</>爆炸范围内时，仍可会获得<Skill_Number>100%</>的治疗量。"	"changed old=一技能<Skill_HL1>纱缚之印</>拉取<Skill_HL2 ContentRow=""101102"">法球</>后，即使自身不在<Skill_HL2>法球</>爆炸范围内时，仍可会获得<Skill_Number>50%</>的治疗量。 new=一技能<Skill_HL1>纱缚之印</>拉取<Skill_HL2 ContentRow=""101102"">法球</>后，即使自身不在<Skill_HL2>法球</>爆炸范围内时，仍可会获得<Skill_Number>100%</>的治疗量。"
added_only	/Game/Data/DataTables/CombatGrowth/SkillGrowth/DT_SkillGrowth_MY	DDC0BABA47DB0598002BFDB3CFFD9214	60066_1		1719854860		Scorched Earth Bombardment	焦土轰炸	added=焦土轰炸
added_only	/Game/Data/DataTables/CommonCondition/DT_CommonConditionGroup_SideStory	404DED2E413BBDD9E7F9E381F70BB77E	200499		1749992443		Complete the [Group Chat initiated by the Student Affairs Committee]	完成【学事委发起的群聊】聊天	added=完成【学事委发起的群聊】聊天
added_only	/Game/Data/DataTables/CommonCondition/DT_CommonCondition_HeroMission	C18DEB9C4CF4D5FED86CED910AA6C808	4010201		597788711		"Unlocked after completing <span color=""#FFE398"">Awakening Interlude: The Supreme Academy</>"	"完成<span color=""#FFE398"">觉醒剧情间章最高学堂</>后解锁"	"added=完成<span color=""#FFE398"">觉醒剧情间章最高学堂</>后解锁"
added_only	/Game/Data/DataTables/CommonCondition/DT_CommonCondition_Side	17BAD78B466C138748D0BCBF0D4846C7	200574		1749992443		Complete the [Group Chat initiated by the Student Affairs Committee]	完成【学事委发起的群聊】聊天	added=完成【学事委发起的群聊】聊天
added_only	/Game/Data/DataTables/Equip/DT_EquipFeatureLevel	9C38B3254798DA6373898FBF4FD3A797	1042		1991748816		Resonance Ultimate Skills ignore defense.	提高共鸣的绝技无视防御。	changed old=提高共鸣的绝技防御穿透。 new=提高共鸣的绝技无视防御。
added_only	/Game/Data/DataTables/Event/SideQuest/I/DT_EventGuide_I_I40	ADD1EDE3418E13478A5D7984FA684508	I40_6		2960766057		Check Cui Ran's status	查看崔然状态	changed old=击败失控的机关人 new=查看崔然状态
added_only	/Game/Data/DataTables/Genius/DT_Genius_Data	206AB9D04AA552096317F88087C6A783	10060002		1608667259		Bonus Missile	额外飞弹	changed old=响应速攻 new=额外飞弹
added_only	/Game/Data/DataTables/Genius/DT_Genius_Data	4F83AFE544B5AFDCC689FBBE4C482BA7	10020006		3874649589		Cooldown Reduction	冷却减少	changed old=额外恢复 new=冷却减少
added_only	/Game/Data/DataTables/Genius/DT_Genius_Data	5DA57E0A4CE19B48159438AB48BC5769	10060005		2609486165		Perfect Grenade Empowerment	完美榴弹强化	changed old=完美榴弹 new=完美榴弹强化
added_only	/Game/Data/DataTables/Genius/DT_Genius_Data	87E6378649CA66A35DC4279B28DAC79D	10020004		4233274891		Bonus Critical Hit	额外暴击	changed old=减少冷却 new=额外暴击
added_only	/Game/Data/DataTables/Genius/DT_Genius_Data	C726D5404CA1065CEA91D8B911D2B52A	10020003		3779786739		Damage Increased	伤害增加	changed old=资源恢复 new=伤害增加
added_only	/Game/Data/DataTables/Genius/DT_Genius_Data	D1473AA4409652F95959AABF200BFFFE	10090002		3383774176		Cooldown Reduction	降低冷却时间	changed old=普攻蓄力强化 new=降低冷却时间
added_only	/Game/Data/DataTables/Genius/DT_Genius_Data	D7AF14864B01F30B4F9BD9BDB622D132	10060006		1608667259		Bonus Missile	额外飞弹	changed old=完美榴弹强化 new=额外飞弹
added_only	/Game/Data/DataTables/Genius/DT_Genius_Data	EEB9855340669CAC8586BF87E2849314	10060001		623857707		Missile Empowerment	飞弹强化	changed old=攻速强化 new=飞弹强化
added_only	/Game/Data/DataTables/Item/DT_ItemBaseData	076538D4405D54A7779B70A3C41892FB	301240799		704401755		Contains Clash Gear with Rating <Gold_Basic>{LV_MIN}~{LV_MAX}</> and Perk Levels <Gold_Basic>2~4</>.	可获得荣耀装等为<Gold_Basic>{LV_MIN}~{LV_MAX}</>、词条等级为<Gold_Basic>2~4</>的对抗装备。	added=可获得荣耀装等为<Gold_Basic>{LV_MIN}~{LV_MAX}</>、词条等级为<Gold_Basic>2~4</>的对抗装备。 | added=可获得荣耀装等为<Gold_Basic>{LV_MIN}~{LV_MAX}</>、词条等级为<Gold_Basic>2~4</>的对抗装备。 | added=可获得荣耀装等为<Gold_Basic>{LV_MIN}~{LV_MAX}</>、词条等级为<Gold_Basic>2~4</>的对抗装备。
added_only	/Game/Data/DataTables/Item/DT_ItemBaseData	1113771B4F7A2A2EB7324695ED949691	300206199		158519485		Contains Assault Gear with Rating <Gold_Basic>{LV_MIN}~{LV_MAX}</> and Perk Levels <Gold_Basic>3~4 (Socketable)</>.	可获得荣耀装等为<Gold_Basic>{LV_MIN}~{LV_MAX}</>、词条等级为<Gold_Basic>3~4（可镶嵌）</>的强攻装备。	added=可获得荣耀装等为<Gold_Basic>{LV_MIN}~{LV_MAX}</>、词条等级为<Gold_Basic>3~4（可镶嵌）</>的强攻装备。 | added=可获得荣耀装等为<Gold_Basic>{LV_MIN}~{LV_MAX}</>、词条等级为<Gold_Basic>3~4（可镶嵌）</>的强攻装备。 | added=可获得荣耀装等为<Gold_Basic>{LV_MIN}~{LV_MAX}</>、词条等级为<Gold_Basic>3~4（可镶嵌）</>的强攻装备。
added_only	/Game/Data/DataTables/Item/DT_ItemBaseData	1D22F1F44805ACA97D5B7E8875B09740	300290899		9485251		Contains Gear with Rating <Gold_Basic>{LV_MIN}~{LV_MAX}</> and Perk Levels <Gold_Basic>3~5</>.	可获得荣耀装等为<Gold_Basic>{LV_MIN}~{LV_MAX}</>、词条等级为<Gold_Basic>3~5</>的装备。	added=可获得荣耀装等为<Gold_Basic>{LV_MIN}~{LV_MAX}</>、词条等级为<Gold_Basic>3~5</>的装备。 | added=可获得荣耀装等为<Gold_Basic>{LV_MIN}~{LV_MAX}</>、词条等级为<Gold_Basic>3~5</>的装备。 | added=可获得荣耀装等为<Gold_Basic>{LV_MIN}~{LV_MAX}</>、词条等级为<Gold_Basic>3~5</>的装备。
added_only	/Game/Data/DataTables/Item/DT_ItemBaseData	3294FB5B48DD767D89A392BC8A43FE5D	301403099		2070173646		Contains Assault Gear with Rating <Gold_Basic>{LV_MIN}~{LV_MAX}</> and Perk Levels <Gold_Basic>3~4</>.	可获得荣耀装等为<Gold_Basic>{LV_MIN}~{LV_MAX}</>、词条等级为<Gold_Basic>3~4</>的强攻装备。	added=可获得荣耀装等为<Gold_Basic>{LV_MIN}~{LV_MAX}</>、词条等级为<Gold_Basic>3~4</>的强攻装备。 | added=可获得荣耀装等为<Gold_Basic>{LV_MIN}~{LV_MAX}</>、词条等级为<Gold_Basic>3~4</>的强攻装备。 | added=可获得荣耀装等为<Gold_Basic>{LV_MIN}~{LV_MAX}</>、词条等级为<Gold_Basic>3~4</>的强攻装备。
added_only	/Game/Data/DataTables/Item/DT_ItemBaseData	35AB45C24A0A05E95C608791B5F6ADC8	301301199		3169339461		Contains Assault Gear with Rating <Gold_Basic>{LV_MIN}~{LV_MAX}</> and Perk Levels <Gold_Basic>2~3</>.	可获得荣耀装等为<Gold_Basic>{LV_MIN}~{LV_MAX}</>、词条等级为<Gold_Basic>2~3</>的强攻装备。	added=可获得荣耀装等为<Gold_Basic>{LV_MIN}~{LV_MAX}</>、词条等级为<Gold_Basic>2~3</>的强攻装备。 | added=可获得荣耀装等为<Gold_Basic>{LV_MIN}~{LV_MAX}</>、词条等级为<Gold_Basic>2~3</>的强攻装备。 | added=可获得荣耀装等为<Gold_Basic>{LV_MIN}~{LV_MAX}</>、词条等级为<Gold_Basic>2~3</>的强攻装备。
added_only	/Game/Data/DataTables/Item/DT_ItemBaseData	45CA42DC46DE28FC6461F2A889708007	301401499		340639111		Contains Clash Gear with Rating <Gold_Basic>{LV_MIN}~{LV_MAX}</> and Perk Levels <Gold_Basic>3~4</>.	可获得荣耀装等为<Gold_Basic>{LV_MIN}~{LV_MAX}</>、词条等级为<Gold_Basic>3~4</>的对抗装备。	added=可获得荣耀装等为<Gold_Basic>{LV_MIN}~{LV_MAX}</>、词条等级为<Gold_Basic>3~4</>的对抗装备。 | added=可获得荣耀装等为<Gold_Basic>{LV_MIN}~{LV_MAX}</>、词条等级为<Gold_Basic>3~4</>的对抗装备。 | added=可获得荣耀装等为<Gold_Basic>{LV_MIN}~{LV_MAX}</>、词条等级为<Gold_Basic>3~4</>的对抗装备。
added_only	/Game/Data/DataTables/Item/DT_ItemBaseData	5EF5801144495B320EFEDB860A698CD8	301240999		84289409		Contains Support Gear with Rating <Gold_Basic>{LV_MIN}~{LV_MAX}</> and Perk Levels <Gold_Basic>2~4</>.	可获得荣耀装等为<Gold_Basic>{LV_MIN}~{LV_MAX}</>、词条等级为<Gold_Basic>2~4</>的辅助装备。	added=可获得荣耀装等为<Gold_Basic>{LV_MIN}~{LV_MAX}</>、词条等级为<Gold_Basic>2~4</>的辅助装备。 | added=可获得荣耀装等为<Gold_Basic>{LV_MIN}~{LV_MAX}</>、词条等级为<Gold_Basic>2~4</>的辅助装备。 | added=可获得荣耀装等为<Gold_Basic>{LV_MIN}~{LV_MAX}</>、词条等级为<Gold_Basic>2~4</>的辅助装备。
added_only	/Game/Data/DataTables/Item/DT_ItemBaseData	6B7AB0DF46BC10A0F9E6D393E44C9D67	300209399		1252084782		Contains Support Gear with Rating <Gold_Basic>{LV_MIN}~{LV_MAX}</> and Perk Levels <Gold_Basic>3~4 (Socketable)</>.	可获得荣耀装等为<Gold_Basic>{LV_MIN}~{LV_MAX}</>、词条等级为<Gold_Basic>3~4（可镶嵌）</>的辅助装备。	added=可获得荣耀装等为<Gold_Basic>{LV_MIN}~{LV_MAX}</>、词条等级为<Gold_Basic>3~4（可镶嵌）</>的辅助装备。 | added=可获得荣耀装等为<Gold_Basic>{LV_MIN}~{LV_MAX}</>、词条等级为<Gold_Basic>3~4（可镶嵌）</>的辅助装备。 | added=可获得荣耀装等为<Gold_Basic>{LV_MIN}~{LV_MAX}</>、词条等级为<Gold_Basic>3~4（可镶嵌）</>的辅助装备。
added_only	/Game/Data/DataTables/Item/DT_ItemBaseData	7F244C784D09F2250BA29FBAF2D5F70F	301301899		4282111190		Contains Support Gear with Rating <Gold_Basic>{LV_MIN}~{LV_MAX}</> and Perk Levels <Gold_Basic>2~3</>.	可获得荣耀装等为<Gold_Basic>{LV_MIN}~{LV_MAX}</>、词条等级为<Gold_Basic>2~3</>的辅助装备。	added=可获得荣耀装等为<Gold_Basic>{LV_MIN}~{LV_MAX}</>、词条等级为<Gold_Basic>2~3</>的辅助装备。 | added=可获得荣耀装等为<Gold_Basic>{LV_MIN}~{LV_MAX}</>、词条等级为<Gold_Basic>2~3</>的辅助装备。 | added=可获得荣耀装等为<Gold_Basic>{LV_MIN}~{LV_MAX}</>、词条等级为<Gold_Basic>2~3</>的辅助装备。
added_only	/Game/Data/DataTables/Item/DT_ItemBaseData	85CE72CD479C23BE2047ED91B776C608	301240899		1188412178		Contains Assault Gear with Rating <Gold_Basic>{LV_MIN}~{LV_MAX}</> and Perk Levels <Gold_Basic>2~4</>.	可获得荣耀装等为<Gold_Basic>{LV_MIN}~{LV_MAX}</>、词条等级为<Gold_Basic>2~4</>的强攻装备。	added=可获得荣耀装等为<Gold_Basic>{LV_MIN}~{LV_MAX}</>、词条等级为<Gold_Basic>2~4</>的强攻装备。 | added=可获得荣耀装等为<Gold_Basic>{LV_MIN}~{LV_MAX}</>、词条等级为<Gold_Basic>2~4</>的强攻装备。 | added=可获得荣耀装等为<Gold_Basic>{LV_MIN}~{LV_MAX}</>、词条等级为<Gold_Basic>2~4</>的强攻装备。
added_only	/Game/Data/DataTables/Item/DT_ItemBaseData	9358DD8C4E24487CD8E368A4447F1799	301490299		4048207465		Contains Gear with Rating <Gold_Basic>{LV_MIN}~{LV_MAX}</> and Perk Levels <Gold_Basic>3~4</>.	可获得荣耀装等为<Gold_Basic>{LV_MIN}~{LV_MAX}</>、词条等级为<Gold_Basic>3~4</>的装备。	added=可获得荣耀装等为<Gold_Basic>{LV_MIN}~{LV_MAX}</>、词条等级为<Gold_Basic>3~4</>的装备。 | added=可获得荣耀装等为<Gold_Basic>{LV_MIN}~{LV_MAX}</>、词条等级为<Gold_Basic>3~4</>的装备。 | added=可获得荣耀装等为<Gold_Basic>{LV_MIN}~{LV_MAX}</>、词条等级为<Gold_Basic>3~4</>的装备。
added_only	/Game/Data/DataTables/Item/DT_ItemBaseData	96DD997D472B95B7671AC1B36B23D93A	301295499		669441806		Contains Support Gear with Rating <Gold_Basic>{LV_MIN}~{LV_MAX}</> and Perk Levels <Gold_Basic>4~5</>.	可获得荣耀装等为<Gold_Basic>{LV_MIN}~{LV_MAX}</>、词条等级为<Gold_Basic>4~5</>的辅助装备。	added=可获得荣耀装等为<Gold_Basic>{LV_MIN}~{LV_MAX}</>、词条等级为<Gold_Basic>4~5</>的辅助装备。 | added=可获得荣耀装等为<Gold_Basic>{LV_MIN}~{LV_MAX}</>、词条等级为<Gold_Basic>4~5</>的辅助装备。 | added=可获得荣耀装等为<Gold_Basic>{LV_MIN}~{LV_MAX}</>、词条等级为<Gold_Basic>4~5</>的辅助装备。
added_only	/Game/Data/DataTables/Item/DT_ItemBaseData	AC23520A425BC00209B27190145CA1F2	301294299		186427860		Contains Clash Gear with Rating <Gold_Basic>{LV_MIN}~{LV_MAX}</> and Perk Levels <Gold_Basic>4~5</>.	可获得荣耀装等为<Gold_Basic>{LV_MIN}~{LV_MAX}</>、词条等级为<Gold_Basic>4~5</>的对抗装备。	added=可获得荣耀装等为<Gold_Basic>{LV_MIN}~{LV_MAX}</>、词条等级为<Gold_Basic>4~5</>的对抗装备。 | added=可获得荣耀装等为<Gold_Basic>{LV_MIN}~{LV_MAX}</>、词条等级为<Gold_Basic>4~5</>的对抗装备。 | added=可获得荣耀装等为<Gold_Basic>{LV_MIN}~{LV_MAX}</>、词条等级为<Gold_Basic>4~5</>的对抗装备。
added_only	/Game/Data/DataTables/Item/DT_ItemBaseData	B86C215C45D1D9E4B7989E95CB676659	301404699		951569245		Contains Support Gear with Rating <Gold_Basic>{LV_MIN}~{LV_MAX}</> and Perk Levels <Gold_Basic>3~4</>.	可获得荣耀装等为<Gold_Basic>{LV_MIN}~{LV_MAX}</>、词条等级为<Gold_Basic>3~4</>的辅助装备。	added=可获得荣耀装等为<Gold_Basic>{LV_MIN}~{LV_MAX}</>、词条等级为<Gold_Basic>3~4</>的辅助装备。 | added=可获得荣耀装等为<Gold_Basic>{LV_MIN}~{LV_MAX}</>、词条等级为<Gold_Basic>3~4</>的辅助装备。 | added=可获得荣耀装等为<Gold_Basic>{LV_MIN}~{LV_MAX}</>、词条等级为<Gold_Basic>3~4</>的辅助装备。
added_only	/Game/Data/DataTables/Item/DT_ItemBaseData	D1EFC75B4E16E1120103CD98CA602DCF	301300499		3552682508		Contains Clash Gear with Rating <Gold_Basic>{LV_MIN}~{LV_MAX}</> and Perk Levels <Gold_Basic>2~3</>.	可获得荣耀装等为<Gold_Basic>{LV_MIN}~{LV_MAX}</>、词条等级为<Gold_Basic>2~3</>的对抗装备。	added=可获得荣耀装等为<Gold_Basic>{LV_MIN}~{LV_MAX}</>、词条等级为<Gold_Basic>2~3</>的对抗装备。 | added=可获得荣耀装等为<Gold_Basic>{LV_MIN}~{LV_MAX}</>、词条等级为<Gold_Basic>2~3</>的对抗装备。 | added=可获得荣耀装等为<Gold_Basic>{LV_MIN}~{LV_MAX}</>、词条等级为<Gold_Basic>2~3</>的对抗装备。
added_only	/Game/Data/DataTables/Item/DT_ItemBaseData	E60D8AA04D6872513D0300B2AEEEEEC8	300290599		2351807506		Contains Gear with Rating <Gold_Basic>{LV_MIN}~{LV_MAX}</> and Perk Levels <Gold_Basic>3~4 (Socketable)</>.	可获得荣耀装等为<Gold_Basic>{LV_MIN}~{LV_MAX}</>、词条等级为<Gold_Basic>3~4（可镶嵌）</>的装备。	added=可获得荣耀装等为<Gold_Basic>{LV_MIN}~{LV_MAX}</>、词条等级为<Gold_Basic>3~4（可镶嵌）</>的装备。
added_only	/Game/Data/DataTables/Item/DT_ItemBaseData	EFA1AD6F4F66BA6EAE9294886C056D83	301296999		1681212317		Contains Assault Gear with Rating <Gold_Basic>{LV_MIN}~{LV_MAX}</> and Perk Levels <Gold_Basic>4~5</>.	可获得荣耀装等为<Gold_Basic>{LV_MIN}~{LV_MAX}</>、词条等级为<Gold_Basic>4~5</>的强攻装备。	added=可获得荣耀装等为<Gold_Basic>{LV_MIN}~{LV_MAX}</>、词条等级为<Gold_Basic>4~5</>的强攻装备。 | added=可获得荣耀装等为<Gold_Basic>{LV_MIN}~{LV_MAX}</>、词条等级为<Gold_Basic>4~5</>的强攻装备。 | added=可获得荣耀装等为<Gold_Basic>{LV_MIN}~{LV_MAX}</>、词条等级为<Gold_Basic>4~5</>的强攻装备。
added_only	/Game/Data/DataTables/Item/DT_ItemBaseData	F12D86E440048A073C2224A357221227	300600699		3868933819		Contains Gear with Rating <Gold_Basic>{LV_MIN}~{LV_MAX}</> and Perk Levels <Gold_Basic>2~3</>.	可获得荣耀装等为<Gold_Basic>{LV_MIN}~{LV_MAX}</>、词条等级为<Gold_Basic>2~3</>的装备。	added=可获得荣耀装等为<Gold_Basic>{LV_MIN}~{LV_MAX}</>、词条等级为<Gold_Basic>2~3</>的装备。 | added=可获得荣耀装等为<Gold_Basic>{LV_MIN}~{LV_MAX}</>、词条等级为<Gold_Basic>2~3</>的装备。 | added=可获得荣耀装等为<Gold_Basic>{LV_MIN}~{LV_MAX}</>、词条等级为<Gold_Basic>2~3</>的装备。
added_only	/Game/Data/DataTables/Item/DT_ItemBaseData	F4943EF144E8C38BD5FEB38B0E667608	300202999		1717254900		Contains Clash Gear with Rating <Gold_Basic>{LV_MIN}~{LV_MAX}</> and Perk Levels <Gold_Basic>3~4 (Socketable)</>.	可获得荣耀装等为<Gold_Basic>{LV_MIN}~{LV_MAX}</>、词条等级为<Gold_Basic>3~4（可镶嵌）</>的对抗装备。	added=可获得荣耀装等为<Gold_Basic>{LV_MIN}~{LV_MAX}</>、词条等级为<Gold_Basic>3~4（可镶嵌）</>的对抗装备。 | added=可获得荣耀装等为<Gold_Basic>{LV_MIN}~{LV_MAX}</>、词条等级为<Gold_Basic>3~4（可镶嵌）</>的对抗装备。 | added=可获得荣耀装等为<Gold_Basic>{LV_MIN}~{LV_MAX}</>、词条等级为<Gold_Basic>3~4（可镶嵌）</>的对抗装备。
added_only	/Game/Data/DataTables/Item/DT_ItemShow_Equip	076538D4405D54A7779B70A3C41892FB	301240799		704401755		Contains Clash Gear with Rating <Gold_Basic>{LV_MIN}~{LV_MAX}</> and Perk Levels <Gold_Basic>2~4</>.	可获得荣耀装等为<Gold_Basic>{LV_MIN}~{LV_MAX}</>、词条等级为<Gold_Basic>2~4</>的对抗装备。	added=可获得荣耀装等为<Gold_Basic>{LV_MIN}~{LV_MAX}</>、词条等级为<Gold_Basic>2~4</>的对抗装备。 | added=可获得荣耀装等为<Gold_Basic>{LV_MIN}~{LV_MAX}</>、词条等级为<Gold_Basic>2~4</>的对抗装备。 | added=可获得荣耀装等为<Gold_Basic>{LV_MIN}~{LV_MAX}</>、词条等级为<Gold_Basic>2~4</>的对抗装备。
added_only	/Game/Data/DataTables/Item/DT_ItemShow_Equip	1113771B4F7A2A2EB7324695ED949691	300206199		158519485		Contains Assault Gear with Rating <Gold_Basic>{LV_MIN}~{LV_MAX}</> and Perk Levels <Gold_Basic>3~4 (Socketable)</>.	可获得荣耀装等为<Gold_Basic>{LV_MIN}~{LV_MAX}</>、词条等级为<Gold_Basic>3~4（可镶嵌）</>的强攻装备。	added=可获得荣耀装等为<Gold_Basic>{LV_MIN}~{LV_MAX}</>、词条等级为<Gold_Basic>3~4（可镶嵌）</>的强攻装备。 | added=可获得荣耀装等为<Gold_Basic>{LV_MIN}~{LV_MAX}</>、词条等级为<Gold_Basic>3~4（可镶嵌）</>的强攻装备。 | added=可获得荣耀装等为<Gold_Basic>{LV_MIN}~{LV_MAX}</>、词条等级为<Gold_Basic>3~4（可镶嵌）</>的强攻装备。
added_only	/Game/Data/DataTables/Item/DT_ItemShow_Equip	1D22F1F44805ACA97D5B7E8875B09740	300290899		9485251		Contains Gear with Rating <Gold_Basic>{LV_MIN}~{LV_MAX}</> and Perk Levels <Gold_Basic>3~5</>.	可获得荣耀装等为<Gold_Basic>{LV_MIN}~{LV_MAX}</>、词条等级为<Gold_Basic>3~5</>的装备。	added=可获得荣耀装等为<Gold_Basic>{LV_MIN}~{LV_MAX}</>、词条等级为<Gold_Basic>3~5</>的装备。 | added=可获得荣耀装等为<Gold_Basic>{LV_MIN}~{LV_MAX}</>、词条等级为<Gold_Basic>3~5</>的装备。 | added=可获得荣耀装等为<Gold_Basic>{LV_MIN}~{LV_MAX}</>、词条等级为<Gold_Basic>3~5</>的装备。
added_only	/Game/Data/DataTables/Item/DT_ItemShow_Equip	3294FB5B48DD767D89A392BC8A43FE5D	301403099		2070173646		Contains Assault Gear with Rating <Gold_Basic>{LV_MIN}~{LV_MAX}</> and Perk Levels <Gold_Basic>3~4</>.	可获得荣耀装等为<Gold_Basic>{LV_MIN}~{LV_MAX}</>、词条等级为<Gold_Basic>3~4</>的强攻装备。	added=可获得荣耀装等为<Gold_Basic>{LV_MIN}~{LV_MAX}</>、词条等级为<Gold_Basic>3~4</>的强攻装备。 | added=可获得荣耀装等为<Gold_Basic>{LV_MIN}~{LV_MAX}</>、词条等级为<Gold_Basic>3~4</>的强攻装备。 | added=可获得荣耀装等为<Gold_Basic>{LV_MIN}~{LV_MAX}</>、词条等级为<Gold_Basic>3~4</>的强攻装备。
added_only	/Game/Data/DataTables/Item/DT_ItemShow_Equip	35AB45C24A0A05E95C608791B5F6ADC8	301301199		3169339461		Contains Assault Gear with Rating <Gold_Basic>{LV_MIN}~{LV_MAX}</> and Perk Levels <Gold_Basic>2~3</>.	可获得荣耀装等为<Gold_Basic>{LV_MIN}~{LV_MAX}</>、词条等级为<Gold_Basic>2~3</>的强攻装备。	added=可获得荣耀装等为<Gold_Basic>{LV_MIN}~{LV_MAX}</>、词条等级为<Gold_Basic>2~3</>的强攻装备。 | added=可获得荣耀装等为<Gold_Basic>{LV_MIN}~{LV_MAX}</>、词条等级为<Gold_Basic>2~3</>的强攻装备。 | added=可获得荣耀装等为<Gold_Basic>{LV_MIN}~{LV_MAX}</>、词条等级为<Gold_Basic>2~3</>的强攻装备。
added_only	/Game/Data/DataTables/Item/DT_ItemShow_Equip	45CA42DC46DE28FC6461F2A889708007	301401499		340639111		Contains Clash Gear with Rating <Gold_Basic>{LV_MIN}~{LV_MAX}</> and Perk Levels <Gold_Basic>3~4</>.	可获得荣耀装等为<Gold_Basic>{LV_MIN}~{LV_MAX}</>、词条等级为<Gold_Basic>3~4</>的对抗装备。	added=可获得荣耀装等为<Gold_Basic>{LV_MIN}~{LV_MAX}</>、词条等级为<Gold_Basic>3~4</>的对抗装备。 | added=可获得荣耀装等为<Gold_Basic>{LV_MIN}~{LV_MAX}</>、词条等级为<Gold_Basic>3~4</>的对抗装备。 | added=可获得荣耀装等为<Gold_Basic>{LV_MIN}~{LV_MAX}</>、词条等级为<Gold_Basic>3~4</>的对抗装备。
added_only	/Game/Data/DataTables/Item/DT_ItemShow_Equip	5EF5801144495B320EFEDB860A698CD8	301240999		84289409		Contains Support Gear with Rating <Gold_Basic>{LV_MIN}~{LV_MAX}</> and Perk Levels <Gold_Basic>2~4</>.	可获得荣耀装等为<Gold_Basic>{LV_MIN}~{LV_MAX}</>、词条等级为<Gold_Basic>2~4</>的辅助装备。	added=可获得荣耀装等为<Gold_Basic>{LV_MIN}~{LV_MAX}</>、词条等级为<Gold_Basic>2~4</>的辅助装备。 | added=可获得荣耀装等为<Gold_Basic>{LV_MIN}~{LV_MAX}</>、词条等级为<Gold_Basic>2~4</>的辅助装备。 | added=可获得荣耀装等为<Gold_Basic>{LV_MIN}~{LV_MAX}</>、词条等级为<Gold_Basic>2~4</>的辅助装备。
added_only	/Game/Data/DataTables/Item/DT_ItemShow_Equip	6B7AB0DF46BC10A0F9E6D393E44C9D67	300209399		1252084782		Contains Support Gear with Rating <Gold_Basic>{LV_MIN}~{LV_MAX}</> and Perk Levels <Gold_Basic>3~4 (Socketable)</>.	可获得荣耀装等为<Gold_Basic>{LV_MIN}~{LV_MAX}</>、词条等级为<Gold_Basic>3~4（可镶嵌）</>的辅助装备。	added=可获得荣耀装等为<Gold_Basic>{LV_MIN}~{LV_MAX}</>、词条等级为<Gold_Basic>3~4（可镶嵌）</>的辅助装备。 | added=可获得荣耀装等为<Gold_Basic>{LV_MIN}~{LV_MAX}</>、词条等级为<Gold_Basic>3~4（可镶嵌）</>的辅助装备。 | added=可获得荣耀装等为<Gold_Basic>{LV_MIN}~{LV_MAX}</>、词条等级为<Gold_Basic>3~4（可镶嵌）</>的辅助装备。
added_only	/Game/Data/DataTables/Item/DT_ItemShow_Equip	7F244C784D09F2250BA29FBAF2D5F70F	301301899		4282111190		Contains Support Gear with Rating <Gold_Basic>{LV_MIN}~{LV_MAX}</> and Perk Levels <Gold_Basic>2~3</>.	可获得荣耀装等为<Gold_Basic>{LV_MIN}~{LV_MAX}</>、词条等级为<Gold_Basic>2~3</>的辅助装备。	added=可获得荣耀装等为<Gold_Basic>{LV_MIN}~{LV_MAX}</>、词条等级为<Gold_Basic>2~3</>的辅助装备。 | added=可获得荣耀装等为<Gold_Basic>{LV_MIN}~{LV_MAX}</>、词条等级为<Gold_Basic>2~3</>的辅助装备。 | added=可获得荣耀装等为<Gold_Basic>{LV_MIN}~{LV_MAX}</>、词条等级为<Gold_Basic>2~3</>的辅助装备。
added_only	/Game/Data/DataTables/Item/DT_ItemShow_Equip	85CE72CD479C23BE2047ED91B776C608	301240899		1188412178		Contains Assault Gear with Rating <Gold_Basic>{LV_MIN}~{LV_MAX}</> and Perk Levels <Gold_Basic>2~4</>.	可获得荣耀装等为<Gold_Basic>{LV_MIN}~{LV_MAX}</>、词条等级为<Gold_Basic>2~4</>的强攻装备。	added=可获得荣耀装等为<Gold_Basic>{LV_MIN}~{LV_MAX}</>、词条等级为<Gold_Basic>2~4</>的强攻装备。 | added=可获得荣耀装等为<Gold_Basic>{LV_MIN}~{LV_MAX}</>、词条等级为<Gold_Basic>2~4</>的强攻装备。 | added=可获得荣耀装等为<Gold_Basic>{LV_MIN}~{LV_MAX}</>、词条等级为<Gold_Basic>2~4</>的强攻装备。
added_only	/Game/Data/DataTables/Item/DT_ItemShow_Equip	9358DD8C4E24487CD8E368A4447F1799	301490299		4048207465		Contains Gear with Rating <Gold_Basic>{LV_MIN}~{LV_MAX}</> and Perk Levels <Gold_Basic>3~4</>.	可获得荣耀装等为<Gold_Basic>{LV_MIN}~{LV_MAX}</>、词条等级为<Gold_Basic>3~4</>的装备。	added=可获得荣耀装等为<Gold_Basic>{LV_MIN}~{LV_MAX}</>、词条等级为<Gold_Basic>3~4</>的装备。 | added=可获得荣耀装等为<Gold_Basic>{LV_MIN}~{LV_MAX}</>、词条等级为<Gold_Basic>3~4</>的装备。 | added=可获得荣耀装等为<Gold_Basic>{LV_MIN}~{LV_MAX}</>、词条等级为<Gold_Basic>3~4</>的装备。
added_only	/Game/Data/DataTables/Item/DT_ItemShow_Equip	96DD997D472B95B7671AC1B36B23D93A	301295499		669441806		Contains Support Gear with Rating <Gold_Basic>{LV_MIN}~{LV_MAX}</> and Perk Levels <Gold_Basic>4~5</>.	可获得荣耀装等为<Gold_Basic>{LV_MIN}~{LV_MAX}</>、词条等级为<Gold_Basic>4~5</>的辅助装备。	added=可获得荣耀装等为<Gold_Basic>{LV_MIN}~{LV_MAX}</>、词条等级为<Gold_Basic>4~5</>的辅助装备。 | added=可获得荣耀装等为<Gold_Basic>{LV_MIN}~{LV_MAX}</>、词条等级为<Gold_Basic>4~5</>的辅助装备。 | added=可获得荣耀装等为<Gold_Basic>{LV_MIN}~{LV_MAX}</>、词条等级为<Gold_Basic>4~5</>的辅助装备。
added_only	/Game/Data/DataTables/Item/DT_ItemShow_Equip	AC23520A425BC00209B27190145CA1F2	301294299		186427860		Contains Clash Gear with Rating <Gold_Basic>{LV_MIN}~{LV_MAX}</> and Perk Levels <Gold_Basic>4~5</>.	可获得荣耀装等为<Gold_Basic>{LV_MIN}~{LV_MAX}</>、词条等级为<Gold_Basic>4~5</>的对抗装备。	added=可获得荣耀装等为<Gold_Basic>{LV_MIN}~{LV_MAX}</>、词条等级为<Gold_Basic>4~5</>的对抗装备。 | added=可获得荣耀装等为<Gold_Basic>{LV_MIN}~{LV_MAX}</>、词条等级为<Gold_Basic>4~5</>的对抗装备。 | added=可获得荣耀装等为<Gold_Basic>{LV_MIN}~{LV_MAX}</>、词条等级为<Gold_Basic>4~5</>的对抗装备。
added_only	/Game/Data/DataTables/Item/DT_ItemShow_Equip	B86C215C45D1D9E4B7989E95CB676659	301404699		951569245		Contains Support Gear with Rating <Gold_Basic>{LV_MIN}~{LV_MAX}</> and Perk Levels <Gold_Basic>3~4</>.	可获得荣耀装等为<Gold_Basic>{LV_MIN}~{LV_MAX}</>、词条等级为<Gold_Basic>3~4</>的辅助装备。	added=可获得荣耀装等为<Gold_Basic>{LV_MIN}~{LV_MAX}</>、词条等级为<Gold_Basic>3~4</>的辅助装备。 | added=可获得荣耀装等为<Gold_Basic>{LV_MIN}~{LV_MAX}</>、词条等级为<Gold_Basic>3~4</>的辅助装备。 | added=可获得荣耀装等为<Gold_Basic>{LV_MIN}~{LV_MAX}</>、词条等级为<Gold_Basic>3~4</>的辅助装备。
added_only	/Game/Data/DataTables/Item/DT_ItemShow_Equip	D1EFC75B4E16E1120103CD98CA602DCF	301300499		3552682508		Contains Clash Gear with Rating <Gold_Basic>{LV_MIN}~{LV_MAX}</> and Perk Levels <Gold_Basic>2~3</>.	可获得荣耀装等为<Gold_Basic>{LV_MIN}~{LV_MAX}</>、词条等级为<Gold_Basic>2~3</>的对抗装备。	added=可获得荣耀装等为<Gold_Basic>{LV_MIN}~{LV_MAX}</>、词条等级为<Gold_Basic>2~3</>的对抗装备。 | added=可获得荣耀装等为<Gold_Basic>{LV_MIN}~{LV_MAX}</>、词条等级为<Gold_Basic>2~3</>的对抗装备。 | added=可获得荣耀装等为<Gold_Basic>{LV_MIN}~{LV_MAX}</>、词条等级为<Gold_Basic>2~3</>的对抗装备。
added_only	/Game/Data/DataTables/Item/DT_ItemShow_Equip	E60D8AA04D6872513D0300B2AEEEEEC8	300290599		2351807506		Contains Gear with Rating <Gold_Basic>{LV_MIN}~{LV_MAX}</> and Perk Levels <Gold_Basic>3~4 (Socketable)</>.	可获得荣耀装等为<Gold_Basic>{LV_MIN}~{LV_MAX}</>、词条等级为<Gold_Basic>3~4（可镶嵌）</>的装备。	added=可获得荣耀装等为<Gold_Basic>{LV_MIN}~{LV_MAX}</>、词条等级为<Gold_Basic>3~4（可镶嵌）</>的装备。
added_only	/Game/Data/DataTables/Item/DT_ItemShow_Equip	EFA1AD6F4F66BA6EAE9294886C056D83	301296999		1681212317		Contains Assault Gear with Rating <Gold_Basic>{LV_MIN}~{LV_MAX}</> and Perk Levels <Gold_Basic>4~5</>.	可获得荣耀装等为<Gold_Basic>{LV_MIN}~{LV_MAX}</>、词条等级为<Gold_Basic>4~5</>的强攻装备。	added=可获得荣耀装等为<Gold_Basic>{LV_MIN}~{LV_MAX}</>、词条等级为<Gold_Basic>4~5</>的强攻装备。 | added=可获得荣耀装等为<Gold_Basic>{LV_MIN}~{LV_MAX}</>、词条等级为<Gold_Basic>4~5</>的强攻装备。 | added=可获得荣耀装等为<Gold_Basic>{LV_MIN}~{LV_MAX}</>、词条等级为<Gold_Basic>4~5</>的强攻装备。
added_only	/Game/Data/DataTables/Item/DT_ItemShow_Equip	F12D86E440048A073C2224A357221227	300600699		3868933819		Contains Gear with Rating <Gold_Basic>{LV_MIN}~{LV_MAX}</> and Perk Levels <Gold_Basic>2~3</>.	可获得荣耀装等为<Gold_Basic>{LV_MIN}~{LV_MAX}</>、词条等级为<Gold_Basic>2~3</>的装备。	added=可获得荣耀装等为<Gold_Basic>{LV_MIN}~{LV_MAX}</>、词条等级为<Gold_Basic>2~3</>的装备。 | added=可获得荣耀装等为<Gold_Basic>{LV_MIN}~{LV_MAX}</>、词条等级为<Gold_Basic>2~3</>的装备。 | added=可获得荣耀装等为<Gold_Basic>{LV_MIN}~{LV_MAX}</>、词条等级为<Gold_Basic>2~3</>的装备。
added_only	/Game/Data/DataTables/Item/DT_ItemShow_Equip	F4943EF144E8C38BD5FEB38B0E667608	300202999		1717254900		Contains Clash Gear with Rating <Gold_Basic>{LV_MIN}~{LV_MAX}</> and Perk Levels <Gold_Basic>3~4 (Socketable)</>.	可获得荣耀装等为<Gold_Basic>{LV_MIN}~{LV_MAX}</>、词条等级为<Gold_Basic>3~4（可镶嵌）</>的对抗装备。	added=可获得荣耀装等为<Gold_Basic>{LV_MIN}~{LV_MAX}</>、词条等级为<Gold_Basic>3~4（可镶嵌）</>的对抗装备。 | added=可获得荣耀装等为<Gold_Basic>{LV_MIN}~{LV_MAX}</>、词条等级为<Gold_Basic>3~4（可镶嵌）</>的对抗装备。 | added=可获得荣耀装等为<Gold_Basic>{LV_MIN}~{LV_MAX}</>、词条等级为<Gold_Basic>3~4（可镶嵌）</>的对抗装备。
added_only	/Game/Data/DataTables/LocalText/DT_LocalizeText_Battle	D7EB4A14464A07FC9C665A9A999525CD	fubenshenjiang03		4007454554		Shatter the Thunder Sword and pursue the enemy.	击碎雷剑，化剑追敌	added=击碎雷剑，化剑追敌
added_only	/Game/Data/DataTables/LocalText/DT_LocalizeText_Common	DCC5A3724A1873BADD0A53B75A83DD15	QuestConflict_Tips02		754238		Continue after completing [{0}]	完成【{0}】后可继续进行	changed old=请先完成{0}后继续本任务 new=完成【{0}】后可继续进行
added_only	/Game/Data/DataTables/LocalText/DT_LocalizeText_Plateau	F43D4A744878F4AFD37E52B383F7557F	Alert_AskIfExitDungeonWithEnchant		3019370490		"There are unclaimed <span color=""#FFE398"">Enchanting Dawn</> rewards. Are you sure you want to exit the current challenge?"	"尚有未领取的<span color=""#FFE398"">附流启明</>，是否确定退出当前挑战？"	"added=尚有未领取的<span color=""#FFE398"">附流启明</>，是否确定退出当前挑战？"
added_only	/Game/Data/DataTables/LocalText/DT_LocalizeText_Quest	41DB52834167CF6124EAE98AF931E5A2	Quest_OwnerConflictTips		1853023099		The party leader must complete the occupied quest first	队长需先完成占用的任务	added=队长需先完成占用的任务
added_only	/Game/Data/DataTables/LocalText/DT_LocalizeText_Quest	C2190870492DC710A6F96F9D7C80D5B7	Quest_LeaveConflictZoneTips		34854975		Must leave the quest area and return to start	需离开任务区域再返回开始	added=需离开任务区域再返回开始
added_only	/Game/Data/DataTables/LocalText/DT_LocalizeText_Team	2BFF70834913140ECEA01696A3DC15B8	TeamInvitationRejectReason_TimeOut_Self		2931914439		Timed out	自己超时未响应	added=自己超时未响应
added_only	/Game/Data/DataTables/LocalText/DT_LocalizeText_Team	64A424DB4EF608A626B49C97CE6F8870	TeamInvitationRejectReason_TimeOut		1036263402		Opponent timed out	对方超时未响应	added=对方超时未响应
added_only	/Game/Data/DataTables/Lottery/AppearanceGift/DT_LotteryAppearanceGift	1941B4A34E004EC152203D9FF0C44070	90001		1068409159		Xuanqing Wandering Shadow Prize Pool Grand Prize Collection	玄清游影奖池集齐大奖	added=玄清游影奖池集齐大奖
added_only	/Game/Data/DataTables/Lottery/AppearanceGift/DT_LotteryAppearanceGift	404336064706EEE496B23C95EACF2720	9001105		1092874016		Xuanqing Wandering Shadow Umbrella Action Gift Configuration	玄清游影伞动作赠品配置	added=玄清游影伞动作赠品配置
added_only	/Game/Data/DataTables/NewbieGuide/DT_NewbieGuide_GamePlay	AE59C5614859C7BAFC0AE19B0131EBF0	110110001		2008967215		Invisible Path	隐形石板	added=隐形石板
added_only	/Game/Data/DataTables/QuestTable/QuestConflict/DT_QuestConflict_HeroStory	DE4FABC34703F4B1E63E2192F01AB6A7	4060103		462189219		Sunset Collector	日落收藏家 	added=日落收藏家 
added_only	/Game/Data/DataTables/QuestTable/QuestConflict/DT_QuestConflict_MainQuest	169B2703413617D6B10D018B3F81EBF3	309		4021167040		Luban S1M4	鲁班S1M4	added=鲁班S1M4
added_only	/Game/Data/DataTables/QuestTable/QuestConflict/DT_QuestConflict_MainQuest	98E858F84900859A329A7D810BF7EC62	309		3631272946		Luban S1M1	鲁班S1M1	added=鲁班S1M1
added_only	/Game/Data/DataTables/RankSystem/DT_RankSystemInfo_BossRush	9523F8804793CE65A2DD13868C2611FF	200002		699346165		Top 1000 Leaderboard Rewards	榜单前1000名奖励	changed old=榜单前十万名奖励 new=榜单前1000名奖励
added_only	/Game/Data/DataTables/Setting/2Android/DT_SettingItem_Android	40C0D07B4C545AA27007B2A4C747448C	JoystickAutoMove		1762786104		When enabled, you can lock the forward movement state while moving. Drag the joystick again to unlock.	开启后，移动中可锁定向前移动的状态，再次拖动轮盘解除锁定。	added=开启后，移动中可锁定向前移动的状态，再次拖动轮盘解除锁定。
added_only	/Game/Data/DataTables/Setting/2Android/DT_SettingItem_Android	63E5E1E146589CEBACEB8294BD7A38D6	JoystickAutoMove		496126183		Close	关闭	added=关闭
added_only	/Game/Data/DataTables/Setting/2Android/DT_SettingItem_Android	99997855400E78DD996577BAD3132B1E	JoystickAutoMove		3556923458		Joystick Auto-Move	轮盘锁定移动	added=轮盘锁定移动
added_only	/Game/Data/DataTables/Setting/2Android/DT_SettingItem_Android	FDD0C0FE43C9117693DCEE82E06CC91F	JoystickAutoMove		593198899		Enable	开启	added=开启
added_only	/Game/Data/DataTables/Setting/3IOS/DT_SettingItem_IOS	4C54C550499B9358FADC6C90042B018A	JoystickAutoMove		593198899		Enable	开启	added=开启
added_only	/Game/Data/DataTables/Setting/3IOS/DT_SettingItem_IOS	564BA56346F2CBE7573F3FB49A11EF74	JoystickAutoMove		1762786104		When enabled, you can lock the forward movement state while moving. Drag the joystick again to unlock.	开启后，移动中可锁定向前移动的状态，再次拖动轮盘解除锁定。	added=开启后，移动中可锁定向前移动的状态，再次拖动轮盘解除锁定。
added_only	/Game/Data/DataTables/Setting/3IOS/DT_SettingItem_IOS	9BD96B45498B7BD83FA14296145EE365	JoystickAutoMove		496126183		Close	关闭	added=关闭
added_only	/Game/Data/DataTables/Setting/3IOS/DT_SettingItem_IOS	A12299DE453B1877DE9286B740BFDF58	JoystickAutoMove		3556923458		Joystick Auto-Move	轮盘锁定移动	added=轮盘锁定移动
added_only	/Game/Data/DataTables/Social/SocialBadge/DT_SocialBadgeRules	1338D7194F95EDE39A7868B6E46171B8	InterestRule		3506077084		Tap [Interest Badges] in the sidebar on the right of the Interest Circle to enter the badge details screen. Tap [Wear Management] in the top right to edit and equip badges.	点击兴趣圈右侧徽章侧边栏的【兴趣徽章】，可进入徽章详情界面。点击徽章详情界面右上角的【佩戴管理】，可编辑和佩戴徽章。	changed old=前往兴趣圈个人主页，点击【全部徽章】，可进入徽章详情界面。点击徽章详情界面右上角的【佩戴管理】，可编辑和佩戴徽章。 new=点击兴趣圈右侧徽章侧边栏的【兴趣徽章】，可进入徽章详情界面。点击徽章详情界面右上角的【佩戴管理】，可编辑和佩戴徽章。
